taxi_ID,trip_ID,date,time,hour,status,latitude,longitude,rounded_latitude,rounded_longitude,distance,duration
AK2306,AK2306_T_6203,23-09-16,6:03,6,O,13.73136425,100.650322,13.73,100.65,,
AK2306,AK2306_T_6203,23-09-16,6:14,6,D,13.73135662,100.6502838,13.73,100.65,5,11
AK2306,AK2306_T_6204,23-09-16,6:20,6,O,13.73130798,100.6501999,13.73,100.65,,
AK2306,AK2306_T_6204,23-09-16,6:46,6,D,13.73575211,100.6769485,13.74,100.68,7456,26
AK2306,AK2306_T_6206,23-09-16,6:50,6,O,13.73414803,100.6917877,13.73,100.69,,
AK2306,AK2306_T_6206,23-09-16,7:26,7,D,13.75986385,100.6820679,13.76,100.68,7163,36
AK2306,AK2306_T_6208,23-09-16,7:51,7,O,13.73508644,100.6920547,13.74,100.69,,
AK2306,AK2306_T_6208,23-09-16,8:37,8,D,13.77928257,100.6778336,13.78,100.68,11417,46
AK2306,AK2306_T_6210,23-09-16,8:46,8,O,13.75575733,100.6800919,13.76,100.68,,
AK2306,AK2306_T_6210,23-09-16,9:02,9,D,13.7764349,100.6737595,13.78,100.67,2476,16
AK2306,AK2306_T_6212,23-09-16,9:28,9,O,13.76348686,100.6513519,13.76,100.65,,
AK2306,AK2306_T_6212,23-09-16,9:31,9,D,13.76329994,100.6499252,13.76,100.65,235,3
AK2306,AK2306_T_6214,23-09-16,9:41,9,O,13.76949406,100.6388321,13.77,100.64,,
AK2306,AK2306_T_6214,23-09-16,9:43,9,D,13.77286339,100.6319122,13.77,100.63,841,2
AK2306,AK2306_T_6216,23-09-16,10:01,10,O,13.80350208,100.6180191,13.8,100.62,,
AK2306,AK2306_T_6216,23-09-16,10:07,10,D,13.79077721,100.6109772,13.79,100.61,1650,6
AK2306,AK2306_T_6218,23-09-16,10:18,10,O,13.76608276,100.6086731,13.77,100.61,,
AK2306,AK2306_T_6218,23-09-16,10:28,10,D,13.76246834,100.6162796,13.76,100.62,2758,10
AK2306,AK2306_T_6222,23-09-16,11:08,11,O,13.77886581,100.6077042,13.78,100.61,,
AK2306,AK2306_T_6222,23-09-16,12:55,12,D,13.76039696,100.6454391,13.76,100.65,10610,47
AK2306,AK2306_T_6224,23-09-16,13:04,13,O,13.75687313,100.6182327,13.76,100.62,,
AK2306,AK2306_T_6224,23-09-16,13:33,13,D,13.73677254,100.6206589,13.74,100.62,8683,29
AK2306,AK2306_T_6226,23-09-16,13:52,13,O,13.74224472,100.694664,13.74,100.69,,
AK2306,AK2306_T_6226,23-09-16,14:11,14,D,13.78858566,100.678009,13.79,100.68,7717,19
AK2306,AK2306_T_6228,23-09-16,14:30,14,O,13.81109715,100.7171402,13.81,100.72,,
AK2306,AK2306_T_6228,23-09-16,14:54,14,D,13.77783775,100.6643219,13.78,100.66,6938,24
AK2306,AK2306_T_6229,23-09-16,15:01,15,O,13.77775288,100.6642227,13.78,100.66,,
AK2306,AK2306_T_6229,23-09-16,15:07,15,D,13.77371311,100.6562958,13.77,100.66,969,6
AK2306,AK2306_T_6231,23-09-16,15:13,15,O,13.76998234,100.6617126,13.77,100.66,,
AK2306,AK2306_T_6231,23-09-16,15:33,15,D,13.75834942,100.6166763,13.76,100.62,5124,20
AK2306,AK2306_T_6233,23-09-16,15:59,15,O,13.75367546,100.664238,13.75,100.66,,
AK2306,AK2306_T_6233,23-09-16,16:24,16,D,13.761693,100.6376419,13.76,100.64,5689,25
AK2306,AK2306_T_6235,23-09-16,16:37,16,O,13.75241756,100.6106033,13.75,100.61,,
AK2306,AK2306_T_6235,23-09-16,16:50,16,D,13.73816204,100.6077652,13.74,100.61,2471,13
AK2306,AK2306_T_6237,23-09-16,17:06,17,O,13.75884438,100.61689,13.76,100.62,,
AK2306,AK2306_T_6237,23-09-16,17:24,17,D,13.76079464,100.6278915,13.76,100.63,1228,18
AK2306,AK2306_T_6239,23-09-16,17:36,17,O,13.76720238,100.6426239,13.77,100.64,,
AK2306,AK2306_T_6239,23-09-16,18:03,18,D,13.73836994,100.6418457,13.74,100.64,3500,27
AK2438,AK2438_T_534,23-09-16,6:41,6,O,13.08965206,101.0008621,13.09,101,,
AK2438,AK2438_T_534,23-09-16,7:53,7,D,13.01230907,101.1751328,13.01,101.18,31830,11
AK2438,AK2438_T_535,23-09-16,18:48,18,O,13.01242924,101.1746216,13.01,101.17,,
AK2438,AK2438_T_535,23-09-16,19:32,19,D,13.05903244,101.0455551,13.06,101.05,17800,44
AK2438,AK2438_T_536,23-09-16,19:36,19,O,13.06211376,101.040863,13.06,101.04,,
AK2438,AK2438_T_536,23-09-16,19:46,19,D,13.09185028,101.0053253,13.09,101.01,6245,10
AK2438,AK2438_T_537,23-09-16,20:30,20,O,13.09181976,101.005394,13.09,101.01,,
AK2438,AK2438_T_537,23-09-16,20:35,20,D,13.08960915,101.0009689,13.09,101,659,5
AK2756,AK2756_T_5693,23-09-16,8:19,8,O,13.8908596,100.7588501,13.89,100.76,,
AK2756,AK2756_T_5693,23-09-16,8:28,8,D,13.87790012,100.7318649,13.88,100.73,3880,9
AK2756,AK2756_T_5695,23-09-16,9:03,9,O,13.81272602,100.7284241,13.81,100.73,,
AK2756,AK2756_T_5695,23-09-16,9:08,9,D,13.81250763,100.7232285,13.81,100.72,700,5
AK2756,AK2756_T_5697,23-09-16,9:26,9,O,13.81749821,100.6667023,13.82,100.67,,
AK2756,AK2756_T_5697,23-09-16,9:47,9,D,13.81993008,100.6545105,13.82,100.65,3554,21
AK2756,AK2756_T_5699,23-09-16,10:07,10,O,13.80079842,100.6485901,13.8,100.65,,
AK2756,AK2756_T_5699,23-09-16,10:33,10,D,13.8145628,100.6990585,13.81,100.7,9666,26
AK2756,AK2756_T_5701,23-09-16,10:56,10,O,13.84123516,100.6628418,13.84,100.66,,
AK2756,AK2756_T_5701,23-09-16,11:08,11,D,13.84313107,100.6964035,13.84,100.7,5966,12
AK2756,AK2756_T_5703,23-09-16,11:15,11,O,13.81270027,100.7039413,13.81,100.7,,
AK2756,AK2756_T_5703,23-09-16,11:30,11,D,13.81909084,100.7209091,13.82,100.72,6361,15
AK2756,AK2756_T_5705,23-09-16,11:37,11,O,13.82281494,100.7205582,13.82,100.72,,
AK2756,AK2756_T_5705,23-09-16,12:02,12,D,13.91085052,100.7235107,13.91,100.72,14184,25
AK2756,AK2756_T_5707,23-09-16,12:44,12,O,13.99219608,100.6146164,13.99,100.61,,
AK2756,AK2756_T_5707,23-09-16,12:50,12,D,13.96979809,100.6190643,13.97,100.62,3279,6
AK2756,AK2756_T_5709,23-09-16,13:06,13,O,13.91717052,100.6419754,13.92,100.64,,
AK2756,AK2756_T_5709,23-09-16,13:30,13,D,13.90532494,100.7362366,13.91,100.74,12889,24
AK2758,AK2758_T_8401,23-09-16,7:50,7,O,13.92703819,100.6550064,13.93,100.66,,
AK2758,AK2758_T_8401,23-09-16,8:05,8,D,13.92153358,100.6553192,13.92,100.66,615,15
AK2758,AK2758_T_8403,23-09-16,8:21,8,O,13.9067831,100.6298599,13.91,100.63,,
AK2758,AK2758_T_8403,23-09-16,8:55,8,D,13.92219067,100.6029587,13.92,100.6,10245,34
AK2758,AK2758_T_8405,23-09-16,9:10,9,O,13.88895798,100.5873337,13.89,100.59,,
AK2758,AK2758_T_8405,23-09-16,9:24,9,D,13.86770535,100.5726395,13.87,100.57,2913,14
AK2758,AK2758_T_8407,23-09-16,10:14,10,O,13.81372166,100.7321396,13.81,100.73,,
AK2758,AK2758_T_8407,23-09-16,10:59,10,D,13.88088417,100.5873947,13.88,100.59,18124,45
AK2758,AK2758_T_8409,23-09-16,11:16,11,O,13.90987206,100.5502472,13.91,100.55,,
AK2758,AK2758_T_8409,23-09-16,12:05,12,D,13.81228733,100.5489883,13.81,100.55,15747,49
AK2758,AK2758_T_8412,23-09-16,13:15,13,O,13.81487179,100.5487671,13.81,100.55,,
AK2758,AK2758_T_8412,23-09-16,13:45,13,D,13.88275242,100.6008148,13.88,100.6,10605,30
AK2758,AK2758_T_8414,23-09-16,13:53,13,O,13.88964176,100.6077576,13.89,100.61,,
AK2758,AK2758_T_8414,23-09-16,14:10,14,D,13.89155102,100.6412125,13.89,100.64,6810,17
AK2758,AK2758_T_8415,23-09-16,14:17,14,O,13.89153004,100.6410217,13.89,100.64,,
AK2758,AK2758_T_8415,23-09-16,14:48,14,D,13.92100143,100.6841049,13.92,100.68,9117,31
AK2758,AK2758_T_8416,23-09-16,15:05,15,O,13.92076874,100.6845093,13.92,100.68,,
AK2758,AK2758_T_8416,23-09-16,16:44,16,D,13.94284058,100.6231689,13.94,100.62,9292,39
AK2758,AK2758_T_8417,23-09-16,16:50,16,O,13.94287777,100.6231308,13.94,100.62,,
AK2758,AK2758_T_8417,23-09-16,17:10,17,D,13.92238903,100.602951,13.92,100.6,5453,20
AK2758,AK2758_T_8419,23-09-16,18:03,18,O,13.81799603,100.5648117,13.82,100.56,,
AK2758,AK2758_T_8419,23-09-16,18:05,18,D,13.81838226,100.5633316,13.82,100.56,166,2
AK2758,AK2758_T_8423,23-09-16,19:32,19,O,13.75598431,100.4832611,13.76,100.48,,
AK2758,AK2758_T_8423,23-09-16,19:44,19,D,13.76463127,100.5031662,13.76,100.5,3757,12
AK2758,AK2758_T_8425,23-09-16,20:00,20,O,13.7429409,100.5228958,13.74,100.52,,
AK2758,AK2758_T_8425,23-09-16,20:06,20,D,13.75448513,100.5284119,13.75,100.53,1514,6
AK2758,AK2758_T_8427,23-09-16,20:24,20,O,13.74567986,100.5203857,13.75,100.52,,
AK2758,AK2758_T_8427,23-09-16,20:48,20,D,13.75782394,100.5340347,13.76,100.53,5042,24
AK2758,AK2758_T_8431,23-09-16,21:18,21,O,13.77267933,100.5731354,13.77,100.57,,
AK2758,AK2758_T_8431,23-09-16,22:01,22,D,13.85614586,100.5851517,13.86,100.59,10152,43
AK2758,AK2758_T_8433,23-09-16,22:15,22,O,13.87815571,100.5948257,13.88,100.59,,
AK2758,AK2758_T_8433,23-09-16,22:19,22,D,13.88631535,100.6029205,13.89,100.6,1547,4
AK2758,AK2758_T_8435,23-09-16,22:36,22,O,13.9237051,100.6909485,13.92,100.69,,
AK2758,AK2758_T_8435,23-09-16,22:38,22,D,13.92162704,100.6894913,13.92,100.69,358,2
AK2758,AK2758_T_8436,23-09-16,22:46,22,O,13.92164516,100.6895676,13.92,100.69,,
AK2758,AK2758_T_8436,23-09-16,22:51,22,D,13.92164516,100.6895676,13.92,100.69,0,5
AK2763,AK2763_T_1856,23-09-16,0:52,0,O,13.63484478,100.6137543,13.63,100.61,,
AK2763,AK2763_T_1856,23-09-16,1:19,1,D,13.69451714,100.6729965,13.69,100.67,18790,27
AK2763,AK2763_T_1857,23-09-16,6:14,6,O,13.69490242,100.6729889,13.69,100.67,,
AK2763,AK2763_T_1857,23-09-16,8:23,8,D,13.63325596,100.7697144,13.63,100.77,35102,9
AK2763,AK2763_T_1858,23-09-16,9:03,9,O,13.63310719,100.7693787,13.63,100.77,,
AK2763,AK2763_T_1858,23-09-16,10:37,10,D,13.69541168,100.6730957,13.7,100.67,41817,34
AK2763,AK2763_T_1860,23-09-16,13:33,13,O,13.6945467,100.673027,13.69,100.67,,
AK2763,AK2763_T_1860,23-09-16,17:26,17,D,13.76984596,100.6624451,13.77,100.66,99303,53
AK2763,AK2763_T_1861,23-09-16,17:40,17,O,13.76855278,100.6572723,13.77,100.66,,
AK2763,AK2763_T_1861,23-09-16,18:16,18,D,13.78159428,100.7059479,13.78,100.71,18584,36
AK2763,AK2763_T_1862,23-09-16,20:00,20,O,13.77871418,100.7055893,13.78,100.71,,
AK2763,AK2763_T_1862,23-09-16,22:12,22,D,13.69455147,100.6729965,13.69,100.67,83291,12
AK2765,AK2765_T_9537,23-09-16,5:49,5,O,13.92403507,100.7216721,13.92,100.72,,
AK2765,AK2765_T_9537,23-09-16,6:08,6,D,13.93242741,100.6780853,13.93,100.68,6183,19
AK2765,AK2765_T_9538,23-09-16,6:13,6,O,13.93233871,100.6759567,13.93,100.68,,
AK2765,AK2765_T_9538,23-09-16,6:24,6,D,13.92192936,100.6440506,13.92,100.64,4532,11
AK2765,AK2765_T_9540,23-09-16,6:55,6,O,13.90924168,100.6216278,13.91,100.62,,
AK2765,AK2765_T_9540,23-09-16,7:13,7,D,13.90026188,100.6378021,13.9,100.64,4461,18
AK2765,AK2765_T_9542,23-09-16,7:36,7,O,13.9094038,100.6171875,13.91,100.62,,
AK2765,AK2765_T_9542,23-09-16,7:59,7,D,13.88498592,100.6244354,13.88,100.62,4872,23
AK2765,AK2765_T_9544,23-09-16,8:20,8,O,13.88823414,100.6116333,13.89,100.61,,
AK2765,AK2765_T_9544,23-09-16,8:39,8,D,13.89990616,100.6336975,13.9,100.63,5302,19
AK2765,AK2765_T_9546,23-09-16,9:26,9,O,13.8149519,100.6396942,13.81,100.64,,
AK2765,AK2765_T_9546,23-09-16,9:29,9,D,13.81097698,100.6365128,13.81,100.64,915,3
AK2765,AK2765_T_9549,23-09-16,10:14,10,O,13.81550217,100.6234894,13.82,100.62,,
AK2765,AK2765_T_9549,23-09-16,10:21,10,D,13.80006981,100.619133,13.8,100.62,1921,7
AK2765,AK2765_T_9551,23-09-16,10:47,10,O,13.74217033,100.624527,13.74,100.62,,
AK2765,AK2765_T_9551,23-09-16,10:52,10,D,13.75528431,100.626976,13.76,100.63,1706,5
AK2765,AK2765_T_9553,23-09-16,11:07,11,O,13.75914192,100.6392212,13.76,100.64,,
AK2765,AK2765_T_9553,23-09-16,11:39,11,D,13.79631615,100.6194534,13.8,100.62,6696,32
AK2765,AK2765_T_9555,23-09-16,11:45,11,O,13.81265354,100.6206818,13.81,100.62,,
AK2765,AK2765_T_9555,23-09-16,11:54,11,D,13.82248878,100.6085663,13.82,100.61,3901,9
AK2765,AK2765_T_9556,23-09-16,12:00,12,O,13.82168674,100.6089478,13.82,100.61,,
AK2765,AK2765_T_9556,23-09-16,12:27,12,D,13.789711,100.5825043,13.79,100.58,8559,27
AK2765,AK2765_T_9558,23-09-16,12:53,12,O,13.75447178,100.5736923,13.75,100.57,,
AK2765,AK2765_T_9558,23-09-16,12:59,12,D,13.75692368,100.5654221,13.76,100.57,994,6
AK2765,AK2765_T_9560,23-09-16,13:06,13,O,13.76144886,100.5598984,13.76,100.56,,
AK2765,AK2765_T_9560,23-09-16,13:11,13,D,13.76249695,100.5606155,13.76,100.56,828,5
AK2765,AK2765_T_9564,23-09-16,14:10,14,O,13.78508091,100.5351868,13.79,100.54,,
AK2765,AK2765_T_9564,23-09-16,14:24,14,D,13.76916218,100.5335464,13.77,100.53,1891,14
AK2765,AK2765_T_9566,23-09-16,15:22,15,O,13.78215218,100.5175858,13.78,100.52,,
AK2765,AK2765_T_9566,23-09-16,15:32,15,D,13.7710619,100.5335083,13.77,100.53,2370,10
AK2765,AK2765_T_9570,23-09-16,15:48,15,O,13.81533718,100.5611267,13.82,100.56,,
AK2765,AK2765_T_9570,23-09-16,16:24,16,D,13.81470203,100.5595016,13.81,100.56,731,36
AK2765,AK2765_T_9572,23-09-16,16:45,16,O,13.81485081,100.5497742,13.81,100.55,,
AK2765,AK2765_T_9572,23-09-16,17:13,17,D,13.82810783,100.5663071,13.83,100.57,3318,28
AK2765,AK2765_T_9574,23-09-16,17:41,17,O,13.83594608,100.5750275,13.84,100.58,,
AK2765,AK2765_T_9574,23-09-16,17:54,17,D,13.8445816,100.5995255,13.84,100.6,4362,13
AK2765,AK2765_T_9576,23-09-16,18:05,18,O,13.86421204,100.6149902,13.86,100.61,,
AK2765,AK2765_T_9576,23-09-16,18:13,18,D,13.85243988,100.6374893,13.85,100.64,2763,8
AK2770,AK2770_T_9321,23-09-16,0:46,0,O,13.83063889,100.5318375,13.83,100.53,,
AK2770,AK2770_T_9321,23-09-16,1:07,1,D,13.83063889,100.5318375,13.83,100.53,0,21
AK2770,AK2770_T_9323,23-09-16,1:14,1,O,13.80936527,100.5104065,13.81,100.51,,
AK2770,AK2770_T_9323,23-09-16,2:06,2,D,13.83063889,100.5318375,13.83,100.53,3334,52
AK2770,AK2770_T_9325,23-09-16,2:25,2,O,13.81625462,100.4647369,13.82,100.46,,
AK2770,AK2770_T_9325,23-09-16,2:44,2,D,13.7598362,100.4813156,13.76,100.48,10058,19
AK2770,AK2770_T_9328,23-09-16,5:05,5,O,13.91995621,100.6017838,13.92,100.6,,
AK2770,AK2770_T_9328,23-09-16,5:48,5,D,13.79707336,100.561203,13.8,100.56,14886,43
AK2770,AK2770_T_9330,23-09-16,6:03,6,O,13.75642204,100.5413589,13.76,100.54,,
AK2770,AK2770_T_9330,23-09-16,6:08,6,D,13.76274967,100.5370255,13.76,100.54,1234,5
AK2770,AK2770_T_9334,23-09-16,6:31,6,O,13.72285271,100.5472107,13.72,100.55,,
AK2770,AK2770_T_9334,23-09-16,6:38,6,D,13.71405125,100.5344543,13.71,100.53,2984,7
AK2770,AK2770_T_9336,23-09-16,7:17,7,O,13.64709854,100.451416,13.65,100.45,,
AK2770,AK2770_T_9336,23-09-16,7:25,7,D,13.64193153,100.4444351,13.64,100.44,1823,8
AK2770,AK2770_T_9338,23-09-16,8:56,8,O,13.91281319,100.5516129,13.91,100.55,,
AK2770,AK2770_T_9338,23-09-16,9:09,9,D,13.91812706,100.5405807,13.92,100.54,3786,13
AK2770,AK2770_T_9340,23-09-16,9:14,9,O,13.90970898,100.5519714,13.91,100.55,,
AK2770,AK2770_T_9340,23-09-16,9:34,9,D,13.93163013,100.5327072,13.93,100.53,7638,20
AK2770,AK2770_T_9341,23-09-16,9:39,9,O,13.93103123,100.5320358,13.93,100.53,,
AK2770,AK2770_T_9341,23-09-16,9:49,9,D,13.90613461,100.5211105,13.91,100.52,3784,10
AK2770,AK2770_T_9345,23-09-16,11:36,11,O,13.88258553,100.4854813,13.88,100.49,,
AK2770,AK2770_T_9345,23-09-16,11:43,11,D,13.88046646,100.5030441,13.88,100.5,2052,7
AK2770,AK2770_T_9347,23-09-16,12:33,12,O,13.83142185,100.5911942,13.83,100.59,,
AK2770,AK2770_T_9347,23-09-16,12:57,12,D,13.83095455,100.5590897,13.83,100.56,3969,24
AK2770,AK2770_T_9350,23-09-16,13:20,13,O,13.83298016,100.5870361,13.83,100.59,,
AK2770,AK2770_T_9350,23-09-16,13:25,13,D,13.8292532,100.5696411,13.83,100.57,2044,5
AK2770,AK2770_T_9352,23-09-16,14:03,14,O,13.76388454,100.4827423,13.76,100.48,,
AK2770,AK2770_T_9352,23-09-16,14:49,14,D,13.83108521,100.5257111,13.83,100.53,13068,46
AK2770,AK2770_T_9353,23-09-16,17:24,17,O,13.82797718,100.5357132,13.83,100.54,,
AK2770,AK2770_T_9353,23-09-16,17:41,17,D,13.80372429,100.5395355,13.8,100.54,3275,17
AK2770,AK2770_T_9357,23-09-16,19:08,19,O,13.79024696,100.6305008,13.79,100.63,,
AK2770,AK2770_T_9357,23-09-16,19:11,19,D,13.78487301,100.631012,13.78,100.63,754,3
AK2770,AK2770_T_9358,23-09-16,19:20,19,O,13.78238106,100.6304703,13.78,100.63,,
AK2770,AK2770_T_9358,23-09-16,19:34,19,D,13.7878046,100.6061783,13.79,100.61,3594,14
AK2770,AK2770_T_9360,23-09-16,20:00,20,O,13.82492065,100.6769943,13.82,100.68,,
AK2770,AK2770_T_9360,23-09-16,20:11,20,D,13.84049797,100.6586685,13.84,100.66,3792,11
AK2770,AK2770_T_9362,23-09-16,20:31,20,O,13.82649899,100.5589523,13.83,100.56,,
AK2770,AK2770_T_9362,23-09-16,20:38,20,D,13.82547092,100.5585556,13.83,100.56,195,7
AK2770,AK2770_T_9363,23-09-16,20:45,20,O,13.82507706,100.5584641,13.83,100.56,,
AK2770,AK2770_T_9363,23-09-16,21:01,21,D,13.80349159,100.5395584,13.8,100.54,5981,16
AK2770,AK2770_T_9365,23-09-16,21:14,21,O,13.82170868,100.5081482,13.82,100.51,,
AK2770,AK2770_T_9365,23-09-16,21:35,21,D,13.80314445,100.5389633,13.8,100.54,4546,21
AK2770,AK2770_T_9367,23-09-16,21:39,21,O,13.81173897,100.5338516,13.81,100.53,,
AK2770,AK2770_T_9367,23-09-16,21:41,21,D,13.80912685,100.53405,13.81,100.53,293,2
AK2770,AK2770_T_9371,23-09-16,22:12,22,O,13.77810955,100.4860153,13.78,100.49,,
AK2770,AK2770_T_9371,23-09-16,22:23,22,D,13.78412724,100.5191956,13.78,100.52,5728,11
AK2770,AK2770_T_9373,23-09-16,22:37,22,O,13.7829113,100.4719009,13.78,100.47,,
AK2770,AK2770_T_9373,23-09-16,22:54,22,D,13.79525757,100.5308914,13.8,100.53,8702,17
AK2770,AK2770_T_9375,23-09-16,23:11,23,O,13.75815201,100.5654831,13.76,100.57,,
AK2770,AK2770_T_9375,23-09-16,23:26,23,D,13.80626297,100.5537567,13.81,100.55,8435,15
AK2770,AK2770_T_9377,23-09-16,23:48,23,O,13.76228809,100.493782,13.76,100.49,,
AK2770,AK2770_T_9377,23-09-16,23:50,23,D,13.76784611,100.5019531,13.77,100.5,1210,2
AK2771,AK2771_T_5021,23-09-16,0:15,0,O,13.76232529,100.5674591,13.76,100.57,,
AK2771,AK2771_T_5021,23-09-16,0:23,0,D,13.7650013,100.569252,13.77,100.57,1245,8
AK2771,AK2771_T_5023,23-09-16,0:39,0,O,13.79333115,100.5939026,13.79,100.59,,
AK2771,AK2771_T_5023,23-09-16,0:43,0,D,13.80177593,100.581192,13.8,100.58,2055,4
AK2771,AK2771_T_5025,23-09-16,0:53,0,O,13.78899956,100.5554276,13.79,100.56,,
AK2771,AK2771_T_5025,23-09-16,1:21,1,D,13.78441715,100.4604416,13.78,100.46,15605,28
AK2771,AK2771_T_5027,23-09-16,1:46,1,O,13.78460503,100.4600754,13.78,100.46,,
AK2771,AK2771_T_5027,23-09-16,1:49,1,D,13.77928066,100.4406509,13.78,100.44,2183,3
AK2771,AK2771_T_5028,23-09-16,6:42,6,O,13.77926636,100.4405746,13.78,100.44,,
AK2771,AK2771_T_5028,23-09-16,7:00,7,D,13.7485342,100.3954544,13.75,100.4,8959,18
AK2771,AK2771_T_5030,23-09-16,7:50,7,O,13.70822525,100.2798767,13.71,100.28,,
AK2771,AK2771_T_5030,23-09-16,7:54,7,D,13.70886326,100.2765045,13.71,100.28,1216,4
AK2771,AK2771_T_5032,23-09-16,8:12,8,O,13.70434093,100.3277359,13.7,100.33,,
AK2771,AK2771_T_5032,23-09-16,8:15,8,D,13.71708202,100.3300934,13.72,100.33,1607,3
AK2771,AK2771_T_5036,23-09-16,9:28,9,O,13.64981079,100.4200134,13.65,100.42,,
AK2771,AK2771_T_5036,23-09-16,9:33,9,D,13.6540041,100.4247665,13.65,100.42,696,5
AK2771,AK2771_T_5037,23-09-16,9:59,9,O,13.6540041,100.4247665,13.65,100.42,,
AK2771,AK2771_T_5037,23-09-16,10:09,10,D,13.66124439,100.4277191,13.66,100.43,2342,10
AK2771,AK2771_T_5039,23-09-16,10:21,10,O,13.66393471,100.4364166,13.66,100.44,,
AK2771,AK2771_T_5039,23-09-16,10:39,10,D,13.68242836,100.4252548,13.68,100.43,3538,18
AK2771,AK2771_T_5041,23-09-16,10:49,10,O,13.68632603,100.4370728,13.69,100.44,,
AK2771,AK2771_T_5041,23-09-16,10:54,10,D,13.68530846,100.4454346,13.69,100.45,1198,5
AK2771,AK2771_T_5043,23-09-16,11:04,11,O,13.68669701,100.4350204,13.69,100.44,,
AK2771,AK2771_T_5043,23-09-16,11:30,11,D,13.72015572,100.4570465,13.72,100.46,5220,26
AK2771,AK2771_T_5045,23-09-16,11:39,11,O,13.71329975,100.4383774,13.71,100.44,,
AK2771,AK2771_T_5045,23-09-16,12:05,12,D,13.72134686,100.396225,13.72,100.4,5939,26
AK2771,AK2771_T_5046,23-09-16,12:32,12,O,13.72133541,100.396225,13.72,100.4,,
AK2771,AK2771_T_5046,23-09-16,12:34,12,D,13.72133541,100.396225,13.72,100.4,0,2
AK2771,AK2771_T_5047,23-09-16,12:51,12,O,13.72133541,100.396225,13.72,100.4,,
AK2771,AK2771_T_5047,23-09-16,13:38,13,D,13.76878548,100.3444214,13.77,100.34,9528,47
AK2771,AK2771_T_5048,23-09-16,13:57,13,O,13.76878548,100.3444214,13.77,100.34,,
AK2771,AK2771_T_5048,23-09-16,14:15,14,D,13.76878548,100.3444214,13.77,100.34,0,18
AK2771,AK2771_T_5050,23-09-16,14:29,14,O,13.70850754,100.3823471,13.71,100.38,,
AK2771,AK2771_T_5050,23-09-16,14:38,14,D,13.7071991,100.3816757,13.71,100.38,196,9
AK2771,AK2771_T_5052,23-09-16,14:50,14,O,13.686409,100.3779373,13.69,100.38,,
AK2771,AK2771_T_5052,23-09-16,14:56,14,D,13.68718433,100.374382,13.69,100.37,395,6
AK2771,AK2771_T_5053,23-09-16,16:48,16,O,13.68732357,100.3744278,13.69,100.37,,
AK2771,AK2771_T_5053,23-09-16,17:18,17,D,13.68486595,100.3438416,13.68,100.34,4127,30
AK2771,AK2771_T_5054,23-09-16,17:39,17,O,13.68475914,100.3437424,13.68,100.34,,
AK2771,AK2771_T_5054,23-09-16,18:03,18,D,13.75243759,100.3293457,13.75,100.33,10203,24
AK2771,AK2771_T_5055,23-09-16,18:09,18,O,13.75059414,100.3291397,13.75,100.33,,
AK2771,AK2771_T_5055,23-09-16,18:15,18,D,13.74040699,100.3330765,13.74,100.33,1614,6
AK2773,AK2773_T_6849,23-09-16,9:40,9,O,13.69389629,100.4647141,13.69,100.46,,
AK2773,AK2773_T_6849,23-09-16,9:43,9,D,13.69389629,100.4647141,13.69,100.46,0,3
AK2774,AK2774_T_7977,23-09-16,15:14,15,O,13.77440357,100.7092056,13.77,100.71,,
AK2774,AK2774_T_7977,23-09-16,15:22,15,D,13.78861904,100.6949005,13.79,100.69,3237,8
AK2774,AK2774_T_7978,23-09-16,15:31,15,O,13.78776073,100.6942062,13.79,100.69,,
AK2774,AK2774_T_7978,23-09-16,15:42,15,D,13.77754688,100.6748428,13.78,100.67,2387,11
AK2774,AK2774_T_7982,23-09-16,16:10,16,O,13.77511406,100.6548233,13.78,100.65,,
AK2774,AK2774_T_7982,23-09-16,16:36,16,D,13.80178165,100.7216492,13.8,100.72,10637,26
AK2774,AK2774_T_7983,23-09-16,16:49,16,O,13.80192375,100.7215271,13.8,100.72,,
AK2774,AK2774_T_7983,23-09-16,17:08,17,D,13.77773094,100.6751556,13.78,100.68,5723,19
AK2774,AK2774_T_7985,23-09-16,19:49,19,O,13.65849209,100.4205322,13.66,100.42,,
AK2774,AK2774_T_7985,23-09-16,20:26,20,D,13.70001602,100.5001755,13.7,100.5,12696,37
AK2774,AK2774_T_7986,23-09-16,21:10,21,O,13.69345665,100.5007706,13.69,100.5,,
AK2774,AK2774_T_7986,23-09-16,21:21,21,D,13.71926022,100.5211411,13.72,100.52,4627,11
AK2774,AK2774_T_7990,23-09-16,21:51,21,O,13.73938942,100.5572128,13.74,100.56,,
AK2774,AK2774_T_7990,23-09-16,22:00,22,D,13.73274326,100.566597,13.73,100.57,1262,9
AK2774,AK2774_T_7992,23-09-16,22:25,22,O,13.73853397,100.5830383,13.74,100.58,,
AK2774,AK2774_T_7992,23-09-16,22:29,22,D,13.73639107,100.5771255,13.74,100.58,905,4
AK2774,AK2774_T_7994,23-09-16,23:08,23,O,13.71190357,100.6048126,13.71,100.6,,
AK2774,AK2774_T_7994,23-09-16,23:23,23,D,13.75194359,100.6392059,13.75,100.64,9076,15
AK2774,AK2774_T_7996,23-09-16,23:40,23,O,13.73154545,100.5968094,13.73,100.6,,
AK2774,AK2774_T_7996,23-09-16,23:52,23,D,13.75171661,100.609726,13.75,100.61,3392,11
AK2778,AK2778_T_1437,23-09-16,9:42,9,O,13.87872314,100.3827133,13.88,100.38,,
AK2778,AK2778_T_1437,23-09-16,11:24,11,D,13.84165382,100.592926,13.84,100.59,34628,42
AK2778,AK2778_T_1438,23-09-16,11:32,11,O,13.84161186,100.5924606,13.84,100.59,,
AK2778,AK2778_T_1438,23-09-16,13:54,13,D,13.78542995,100.4915695,13.79,100.49,25298,22
AK2778,AK2778_T_1439,23-09-16,14:01,14,O,13.78712559,100.4865875,13.79,100.49,,
AK2778,AK2778_T_1439,23-09-16,15:43,15,D,13.71201897,100.4311142,13.71,100.43,38374,42
AK2778,AK2778_T_1440,23-09-16,16:03,16,O,13.71234131,100.4310074,13.71,100.43,,
AK2778,AK2778_T_1440,23-09-16,21:09,21,D,13.84156036,100.5913544,13.84,100.59,78725,6
AK2782,AK2782_T_4113,23-09-16,5:26,5,O,13.79530907,100.3229141,13.8,100.32,,
AK2782,AK2782_T_4113,23-09-16,5:53,5,D,13.78102112,100.4311371,13.78,100.43,13671,27
AK2782,AK2782_T_4115,23-09-16,6:10,6,O,13.71866894,100.4531937,13.72,100.45,,
AK2782,AK2782_T_4115,23-09-16,6:19,6,D,13.7351017,100.4481583,13.74,100.45,2424,8
AK2782,AK2782_T_4117,23-09-16,6:24,6,O,13.72210503,100.4575653,13.72,100.46,,
AK2782,AK2782_T_4117,23-09-16,6:43,6,D,13.78124905,100.4278793,13.78,100.43,8417,19
AK2782,AK2782_T_4119,23-09-16,7:40,7,O,13.74186897,100.4999008,13.74,100.5,,
AK2782,AK2782_T_4119,23-09-16,7:47,7,D,13.74986935,100.5000153,13.75,100.5,1135,6
AK2782,AK2782_T_4122,23-09-16,8:06,8,O,13.75731945,100.483284,13.76,100.48,,
AK2782,AK2782_T_4122,23-09-16,8:18,8,D,13.7364502,100.4931717,13.74,100.49,2666,12
AK2782,AK2782_T_4124,23-09-16,8:23,8,O,13.74158573,100.4977112,13.74,100.5,,
AK2782,AK2782_T_4124,23-09-16,8:28,8,D,13.75449371,100.4985428,13.75,100.5,1447,5
AK2782,AK2782_T_4126,23-09-16,17:04,17,O,13.77725506,100.5117264,13.78,100.51,,
AK2782,AK2782_T_4126,23-09-16,17:18,17,D,13.7788744,100.5087967,13.78,100.51,467,14
AK2782,AK2782_T_4128,23-09-16,18:20,18,O,13.6787672,100.3800888,13.68,100.38,,
AK2782,AK2782_T_4128,23-09-16,18:57,18,D,13.71724319,100.3953094,13.72,100.4,9375,37
AK2782,AK2782_T_4129,23-09-16,19:05,19,O,13.71792793,100.3956146,13.72,100.4,,
AK2782,AK2782_T_4129,23-09-16,19:12,19,D,13.74597263,100.3952179,13.75,100.4,3122,7
AK2782,AK2782_T_4131,23-09-16,19:34,19,O,13.75748253,100.4994812,13.76,100.5,,
AK2782,AK2782_T_4131,23-09-16,20:17,20,D,13.77542973,100.3947296,13.78,100.39,15425,43
AK2782,AK2782_T_4133,23-09-16,20:31,20,O,13.7908411,100.3678207,13.79,100.37,,
AK2782,AK2782_T_4133,23-09-16,20:45,20,D,13.77964878,100.3945389,13.78,100.39,6786,14
AK2783,AK2783_T_2047,23-09-16,7:57,7,O,13.6370182,100.6194687,13.64,100.62,,
AK2783,AK2783_T_2047,23-09-16,8:22,8,D,13.6438818,100.6362762,13.64,100.64,2689,25
AK2783,AK2783_T_2048,23-09-16,8:30,8,O,13.64426613,100.6364288,13.64,100.64,,
AK2783,AK2783_T_2048,23-09-16,10:57,10,D,13.5962553,100.7457047,13.6,100.75,48191,26
AK2783,AK2783_T_2049,23-09-16,11:12,11,O,13.59653282,100.7416458,13.6,100.74,,
AK2783,AK2783_T_2049,23-09-16,12:57,12,D,13.59642506,100.7426071,13.6,100.74,54446,44
AK2783,AK2783_T_2050,23-09-16,13:06,13,O,13.5966959,100.7401123,13.6,100.74,,
AK2783,AK2783_T_2050,23-09-16,14:21,14,D,13.53233719,100.6304321,13.53,100.63,31043,15
AK2783,AK2783_T_2051,23-09-16,14:27,14,O,13.53355885,100.6287842,13.53,100.63,,
AK2783,AK2783_T_2051,23-09-16,15:12,15,D,13.64986801,100.5958328,13.65,100.6,15876,45
AK2783,AK2783_T_2052,23-09-16,15:23,15,O,13.64998627,100.5954971,13.65,100.6,,
AK2783,AK2783_T_2052,23-09-16,15:45,15,D,13.64569473,100.5856171,13.65,100.59,3799,22
AK2783,AK2783_T_2053,23-09-16,16:12,16,O,13.64519501,100.5856018,13.65,100.59,,
AK2783,AK2783_T_2053,23-09-16,21:08,21,D,13.64283466,100.6091385,13.64,100.61,90445,55
AK2784,AK2784_T_10009,23-09-16,1:34,1,O,13.7874651,100.6699524,13.79,100.67,,
AK2784,AK2784_T_10009,23-09-16,1:40,1,D,13.77890301,100.6661835,13.78,100.67,1337,6
AK2785,AK2785_T_2173,23-09-16,9:55,9,O,13.72139359,100.7478333,13.72,100.75,,
AK2785,AK2785_T_2173,23-09-16,10:09,10,D,13.72145844,100.7478333,13.72,100.75,198,14
AK2785,AK2785_T_2174,23-09-16,10:40,10,O,13.72146893,100.7478561,13.72,100.75,,
AK2785,AK2785_T_2174,23-09-16,10:42,10,D,13.72146893,100.7478561,13.72,100.75,0,2
AK2785,AK2785_T_2179,23-09-16,13:45,13,O,13.7459507,100.7929306,13.75,100.79,,
AK2785,AK2785_T_2179,23-09-16,13:54,13,D,13.74597454,100.792923,13.75,100.79,4,9
AK2785,AK2785_T_2180,23-09-16,16:32,16,O,13.74193954,100.7916565,13.74,100.79,,
AK2785,AK2785_T_2180,23-09-16,16:44,16,D,13.72211647,100.7878036,13.72,100.79,3715,12
AK2785,AK2785_T_2182,23-09-16,16:58,16,O,13.70439911,100.8336563,13.7,100.83,,
AK2785,AK2785_T_2182,23-09-16,17:07,17,D,13.71811485,100.800499,13.72,100.8,3971,9
AK2785,AK2785_T_2183,23-09-16,17:11,17,O,13.71928024,100.7974548,13.72,100.8,,
AK2785,AK2785_T_2183,23-09-16,17:27,17,D,13.72157288,100.7640915,13.72,100.76,3656,16
AK2785,AK2785_T_2185,23-09-16,17:55,17,O,13.74496937,100.7552567,13.74,100.76,,
AK2785,AK2785_T_2185,23-09-16,18:04,18,D,13.72190189,100.7539597,13.72,100.75,3586,9
AK2786,AK2786_T_9720,23-09-16,0:15,0,O,13.79549026,100.6028748,13.8,100.6,,
AK2786,AK2786_T_9720,23-09-16,0:21,0,D,13.80618191,100.5850296,13.81,100.59,2412,6
AK2786,AK2786_T_9721,23-09-16,9:08,9,O,13.80626106,100.5849915,13.81,100.58,,
AK2786,AK2786_T_9721,23-09-16,9:22,9,D,13.80075264,100.583725,13.8,100.58,634,14
AK2786,AK2786_T_9723,23-09-16,9:37,9,O,13.80713272,100.5621796,13.81,100.56,,
AK2786,AK2786_T_9723,23-09-16,9:40,9,D,13.80794716,100.5602646,13.81,100.56,227,3
AK2786,AK2786_T_9725,23-09-16,9:57,9,O,13.81430531,100.5755692,13.81,100.58,,
AK2786,AK2786_T_9725,23-09-16,10:30,10,D,13.80358505,100.5541,13.8,100.55,13186,33
AK2786,AK2786_T_9727,23-09-16,11:00,11,O,13.84231758,100.4916534,13.84,100.49,,
AK2786,AK2786_T_9727,23-09-16,11:05,11,D,13.85772896,100.4930344,13.86,100.49,1809,5
AK2786,AK2786_T_9728,23-09-16,11:19,11,O,13.85947323,100.492775,13.86,100.49,,
AK2786,AK2786_T_9728,23-09-16,11:36,11,D,13.86210155,100.5041122,13.86,100.5,4119,17
AK2786,AK2786_T_9730,23-09-16,12:30,12,O,13.91676807,100.6001434,13.92,100.6,,
AK2786,AK2786_T_9730,23-09-16,12:34,12,D,13.90775394,100.5951385,13.91,100.6,1143,4
AK2786,AK2786_T_9731,23-09-16,12:42,12,O,13.90681076,100.5946198,13.91,100.59,,
AK2786,AK2786_T_9731,23-09-16,12:48,12,D,13.91424274,100.5991821,13.91,100.6,1131,6
AK2786,AK2786_T_9732,23-09-16,13:07,13,O,13.91548538,100.5995941,13.92,100.6,,
AK2786,AK2786_T_9732,23-09-16,13:26,13,D,13.91688061,100.6001816,13.92,100.6,243,19
AK2786,AK2786_T_9734,23-09-16,14:31,14,O,13.75574207,100.5332947,13.76,100.53,,
AK2786,AK2786_T_9734,23-09-16,15:02,15,D,13.80228901,100.5598373,13.8,100.56,7767,31
AK2786,AK2786_T_9735,23-09-16,15:19,15,O,13.80192947,100.5598068,13.8,100.56,,
AK2786,AK2786_T_9735,23-09-16,15:48,15,D,13.80365276,100.5546951,13.8,100.55,1614,29
AK2786,AK2786_T_9737,23-09-16,16:14,16,O,13.77164745,100.5752106,13.77,100.58,,
AK2786,AK2786_T_9737,23-09-16,16:44,16,D,13.81886292,100.5584335,13.82,100.56,7519,30
AK2786,AK2786_T_9739,23-09-16,17:18,17,O,13.91814232,100.6009598,13.92,100.6,,
AK2786,AK2786_T_9739,23-09-16,17:21,17,D,13.91612244,100.5998535,13.92,100.6,545,3
AK2786,AK2786_T_9742,23-09-16,18:49,18,O,13.9697113,100.7066956,13.97,100.71,,
AK2786,AK2786_T_9742,23-09-16,18:56,18,D,14.00885201,100.7089691,14.01,100.71,4395,7
AK2786,AK2786_T_9744,23-09-16,19:34,19,O,13.91812325,100.671196,13.92,100.67,,
AK2786,AK2786_T_9744,23-09-16,20:02,20,D,13.91674042,100.5998535,13.92,100.6,13769,28
AK2786,AK2786_T_9746,23-09-16,21:03,21,O,13.63353062,100.7109375,13.63,100.71,,
AK2786,AK2786_T_9746,23-09-16,21:23,21,D,13.77467632,100.6065292,13.77,100.61,24856,20
AK2787,AK2787_T_1486,23-09-16,11:04,11,O,13.73855782,100.5963593,13.74,100.6,,
AK2787,AK2787_T_1486,23-09-16,11:40,11,D,13.67123795,100.6187439,13.67,100.62,9291,36
AK2787,AK2787_T_1487,23-09-16,11:47,11,O,13.67081547,100.6211166,13.67,100.62,,
AK2787,AK2787_T_1487,23-09-16,11:54,11,D,13.66626072,100.6472321,13.67,100.65,2876,7
AK2787,AK2787_T_1488,23-09-16,12:11,12,O,13.66626835,100.6472931,13.67,100.65,,
AK2787,AK2787_T_1488,23-09-16,14:28,14,D,13.62670326,100.7254333,13.63,100.73,55374,17
AK2787,AK2787_T_1489,23-09-16,15:05,15,O,13.62655258,100.7256699,13.63,100.73,,
AK2787,AK2787_T_1489,23-09-16,17:05,17,D,13.63229179,100.7688675,13.63,100.77,55169,0
AK2787,AK2787_T_1490,23-09-16,17:10,17,O,13.63347244,100.7697601,13.63,100.77,,
AK2787,AK2787_T_1490,23-09-16,21:34,21,D,13.67129707,100.6194916,13.67,100.62,115918,23
AK2787,AK2787_T_1491,23-09-16,21:39,21,O,13.67128372,100.6195602,13.67,100.62,,
AK2787,AK2787_T_1491,23-09-16,22:03,22,D,13.73995304,100.5995407,13.74,100.6,14905,24
AK2787,AK2787_T_1492,23-09-16,22:08,22,O,13.7369833,100.5982666,13.74,100.6,,
AK2787,AK2787_T_1492,23-09-16,22:12,22,D,13.73837376,100.5964127,13.74,100.6,311,4
AK2789,AK2789_T_8097,23-09-16,11:51,11,O,13.59037113,100.7277756,13.59,100.73,,
AK2789,AK2789_T_8097,23-09-16,12:00,12,D,13.59033966,100.7278061,13.59,100.73,5,9
AK2789,AK2789_T_8101,23-09-16,12:54,12,O,13.60557461,100.7740097,13.61,100.77,,
AK2789,AK2789_T_8101,23-09-16,13:22,13,D,13.59838486,100.7226639,13.6,100.72,9198,28
AK2789,AK2789_T_8103,23-09-16,13:26,13,O,13.59822559,100.7080078,13.6,100.71,,
AK2789,AK2789_T_8103,23-09-16,13:51,13,D,13.60280609,100.7076416,13.6,100.71,965,25
AK2789,AK2789_T_8105,23-09-16,14:04,14,O,13.60237789,100.6981735,13.6,100.7,,
AK2789,AK2789_T_8105,23-09-16,14:25,14,D,13.60273933,100.7074738,13.6,100.71,1667,21
AK2789,AK2789_T_8107,23-09-16,14:37,14,O,13.59029102,100.730217,13.59,100.73,,
AK2789,AK2789_T_8107,23-09-16,14:42,14,D,13.5922184,100.7303085,13.59,100.73,215,5
AK2789,AK2789_T_8111,23-09-16,15:13,15,O,13.58376503,100.6993637,13.58,100.7,,
AK2789,AK2789_T_8111,23-09-16,15:32,15,D,13.59990311,100.6994934,13.6,100.7,3404,19
AK2789,AK2789_T_8114,23-09-16,15:54,15,O,13.59955406,100.6995316,13.6,100.7,,
AK2789,AK2789_T_8114,23-09-16,16:09,16,D,13.59807587,100.7003403,13.6,100.7,192,15
AK2789,AK2789_T_8120,23-09-16,19:19,19,O,13.99047661,100.6157913,13.99,100.62,,
AK2789,AK2789_T_8120,23-09-16,19:25,19,D,13.97765923,100.6176758,13.98,100.62,1444,6
AK2789,AK2789_T_8122,23-09-16,20:49,20,O,13.97246361,100.6189575,13.97,100.62,,
AK2789,AK2789_T_8122,23-09-16,20:53,20,D,13.96298695,100.6203003,13.96,100.62,1066,4
AK2789,AK2789_T_8124,23-09-16,21:42,21,O,13.88547707,100.6043396,13.89,100.6,,
AK2789,AK2789_T_8124,23-09-16,21:48,21,D,13.87433147,100.5961227,13.87,100.6,1557,6
AK2789,AK2789_T_8128,23-09-16,23:22,23,O,13.73134136,100.5849838,13.73,100.58,,
AK2789,AK2789_T_8128,23-09-16,23:47,23,D,13.69247532,100.6075974,13.69,100.61,5397,25
AK2790,AK2790_T_9530,23-09-16,8:26,8,O,13.50716591,100.7311096,13.51,100.73,,
AK2790,AK2790_T_9530,23-09-16,8:36,8,D,13.51883221,100.6669846,13.52,100.67,7106,10
AK2790,AK2790_T_9533,23-09-16,9:56,9,O,13.61902046,100.6218567,13.62,100.62,,
AK2790,AK2790_T_9533,23-09-16,10:06,10,D,13.61386681,100.6043167,13.61,100.6,2750,10
AK2790,AK2790_T_9534,23-09-16,10:10,10,O,13.61112881,100.6020203,13.61,100.6,,
AK2790,AK2790_T_9534,23-09-16,10:16,10,D,13.60194683,100.5972595,13.6,100.6,1457,6
AK2790,AK2790_T_9541,23-09-16,11:37,11,O,13.65644836,100.6224823,13.66,100.62,,
AK2790,AK2790_T_9541,23-09-16,11:45,11,D,13.64186573,100.6092987,13.64,100.61,2441,8
AK2790,AK2790_T_9543,23-09-16,13:09,13,O,13.63677216,100.6173325,13.64,100.62,,
AK2790,AK2790_T_9543,23-09-16,13:13,13,D,13.64259434,100.6089935,13.64,100.61,1123,4
AK2790,AK2790_T_9544,23-09-16,13:18,13,O,13.64534187,100.6107178,13.65,100.61,,
AK2790,AK2790_T_9544,23-09-16,13:22,13,D,13.65404606,100.6128006,13.65,100.61,1306,4
AK2790,AK2790_T_9545,23-09-16,13:39,13,O,13.65420341,100.6114655,13.65,100.61,,
AK2790,AK2790_T_9545,23-09-16,14:00,14,D,13.66052055,100.6016922,13.66,100.6,2659,21
AK2790,AK2790_T_9548,23-09-16,15:01,15,O,13.63249111,100.6259842,13.63,100.63,,
AK2790,AK2790_T_9548,23-09-16,15:17,15,D,13.65011024,100.597229,13.65,100.6,4152,16
AK2790,AK2790_T_9550,23-09-16,15:27,15,O,13.64252186,100.6036453,13.64,100.6,,
AK2790,AK2790_T_9550,23-09-16,15:44,15,D,13.64587975,100.5953598,13.65,100.6,1522,16
AK2790,AK2790_T_9552,23-09-16,16:06,16,O,13.67123699,100.618782,13.67,100.62,,
AK2790,AK2790_T_9552,23-09-16,16:08,16,D,13.67137623,100.6195984,13.67,100.62,89,2
AK2790,AK2790_T_9553,23-09-16,16:20,16,O,13.67137623,100.6195984,13.67,100.62,,
AK2790,AK2790_T_9553,23-09-16,16:27,16,D,13.66941929,100.6313248,13.67,100.63,1322,7
AK2790,AK2790_T_9557,23-09-16,17:31,17,O,13.64310074,100.5927658,13.64,100.59,,
AK2790,AK2790_T_9557,23-09-16,17:35,17,D,13.6435318,100.5906982,13.64,100.59,229,4
AK2790,AK2790_T_9560,23-09-16,18:43,18,O,13.62830544,100.5485001,13.63,100.55,,
AK2790,AK2790_T_9560,23-09-16,19:26,19,D,13.62020016,100.6223068,13.62,100.62,15940,43
AK2790,AK2790_T_9561,23-09-16,19:51,19,O,13.57384491,100.6097488,13.57,100.61,,
AK2790,AK2790_T_9561,23-09-16,20:02,20,D,13.52583122,100.638855,13.53,100.64,6847,11
AK2790,AK2790_T_9562,23-09-16,20:32,20,O,13.52764511,100.6367188,13.53,100.64,,
AK2790,AK2790_T_9562,23-09-16,20:36,20,D,13.52340603,100.6473236,13.52,100.65,2353,4
AK2790,AK2790_T_9564,23-09-16,20:52,20,O,13.51412296,100.6889343,13.51,100.69,,
AK2790,AK2790_T_9564,23-09-16,20:56,20,D,13.50685501,100.7309265,13.51,100.73,4620,4
AK2791,AK2791_T_2907,23-09-16,16:11,16,O,13.57921982,100.624382,13.58,100.62,,
AK2791,AK2791_T_2907,23-09-16,16:18,16,D,13.58428574,100.6088638,13.58,100.61,2289,7
AK2791,AK2791_T_2909,23-09-16,17:37,17,O,13.67259884,100.6074829,13.67,100.61,,
AK2791,AK2791_T_2909,23-09-16,17:58,17,D,13.66810036,100.6049347,13.67,100.6,631,21
AK2791,AK2791_T_2911,23-09-16,18:33,18,O,13.63414955,100.6297302,13.63,100.63,,
AK2791,AK2791_T_2911,23-09-16,18:36,18,D,13.63164902,100.6279907,13.63,100.63,339,3
AK2791,AK2791_T_2913,23-09-16,20:04,20,O,13.69306755,100.7517471,13.69,100.75,,
AK2791,AK2791_T_2913,23-09-16,20:31,20,D,13.64946079,100.6816635,13.65,100.68,18472,27
AK2791,AK2791_T_2917,23-09-16,20:56,20,O,13.67389011,100.683136,13.67,100.68,,
AK2791,AK2791_T_2917,23-09-16,21:01,21,D,13.66801739,100.683609,13.67,100.68,1253,5
AK2791,AK2791_T_2919,23-09-16,21:08,21,O,13.65293884,100.6782608,13.65,100.68,,
AK2791,AK2791_T_2919,23-09-16,21:35,21,D,13.59968472,100.6996231,13.6,100.7,10071,27
AK2791,AK2791_T_2922,23-09-16,21:59,21,O,13.53446484,100.6582336,13.53,100.66,,
AK2791,AK2791_T_2922,23-09-16,22:10,22,D,13.57469845,100.6329498,13.57,100.63,7985,11
AK2792,AK2792_T_7680,23-09-16,15:57,15,O,13.57634163,100.6682358,13.58,100.67,,
AK2792,AK2792_T_7680,23-09-16,16:28,16,D,13.58316612,100.608429,13.58,100.61,10175,31
AK2792,AK2792_T_7689,23-09-16,19:27,19,O,13.67585564,100.6707458,13.68,100.67,,
AK2792,AK2792_T_7689,23-09-16,19:32,19,D,13.67219734,100.6828918,13.67,100.68,1518,5
AK2792,AK2792_T_7691,23-09-16,19:50,19,O,13.65542221,100.6711273,13.66,100.67,,
AK2792,AK2792_T_7691,23-09-16,19:57,19,D,13.66396904,100.651619,13.66,100.65,2326,7
AK2792,AK2792_T_7693,23-09-16,20:04,20,O,13.65478611,100.6451187,13.65,100.65,,
AK2792,AK2792_T_7693,23-09-16,20:06,20,D,13.65518188,100.6461411,13.66,100.65,166,2
AK2792,AK2792_T_7695,23-09-16,20:29,20,O,13.62659836,100.6132355,13.63,100.61,,
AK2792,AK2792_T_7695,23-09-16,20:49,20,D,13.59378719,100.6081238,13.59,100.61,6570,20
AK2792,AK2792_T_7697,23-09-16,21:09,21,O,13.56434727,100.6109772,13.56,100.61,,
AK2792,AK2792_T_7697,23-09-16,21:20,21,D,13.58373547,100.6085892,13.58,100.61,5011,11
AK2792,AK2792_T_7698,23-09-16,22:02,22,O,13.59545898,100.608963,13.6,100.61,,
AK2792,AK2792_T_7698,23-09-16,22:06,22,D,13.59861183,100.6122513,13.6,100.61,573,4
AK2792,AK2792_T_7699,23-09-16,23:22,23,O,13.92837524,100.5287247,13.93,100.53,,
AK2792,AK2792_T_7699,23-09-16,23:27,23,D,13.89657116,100.5157166,13.9,100.52,4202,5
AK2792,AK2792_T_7700,23-09-16,23:53,23,O,13.8933239,100.5161285,13.89,100.52,,
AK2792,AK2792_T_7700,23-09-16,23:55,23,D,13.89457226,100.5158768,13.89,100.52,504,2
AK2793,AK2793_T_1528,23-09-16,1:13,1,O,13.80224323,100.5798035,13.8,100.58,,
AK2793,AK2793_T_1528,23-09-16,2:32,2,D,13.81430626,100.5589066,13.81,100.56,29115,19
AK2793,AK2793_T_1529,23-09-16,2:42,2,O,13.81431961,100.5588989,13.81,100.56,,
AK2793,AK2793_T_1529,23-09-16,2:46,2,D,13.81740665,100.5585251,13.82,100.56,346,4
AK2793,AK2793_T_1530,23-09-16,2:52,2,O,13.82117081,100.5582504,13.82,100.56,,
AK2793,AK2793_T_1530,23-09-16,3:15,3,D,13.91633224,100.5707321,13.92,100.57,13633,23
AK2793,AK2793_T_1531,23-09-16,6:50,6,O,13.91634083,100.5707169,13.92,100.57,,
AK2793,AK2793_T_1531,23-09-16,6:58,6,D,13.91634083,100.5707169,13.92,100.57,0,8
AK2793,AK2793_T_1532,23-09-16,7:48,7,O,13.91629028,100.5707245,13.92,100.57,,
AK2793,AK2793_T_1532,23-09-16,9:57,9,D,13.93175125,100.5684128,13.93,100.57,36028,9
AK2793,AK2793_T_1533,23-09-16,10:21,10,O,13.93173885,100.5684586,13.93,100.57,,
AK2793,AK2793_T_1533,23-09-16,13:54,13,D,13.7836647,100.6131439,13.78,100.61,63729,33
AK2793,AK2793_T_1534,23-09-16,13:59,13,O,13.78405762,100.6126862,13.78,100.61,,
AK2793,AK2793_T_1534,23-09-16,20:12,20,D,13.86640072,100.6092606,13.87,100.61,105397,13
AK2793,AK2793_T_1535,23-09-16,20:19,20,O,13.86694908,100.6094513,13.87,100.61,,
AK2793,AK2793_T_1535,23-09-16,20:53,20,D,13.9163847,100.5706024,13.92,100.57,9814,34
AK2793,AK2793_T_1536,23-09-16,21:13,21,O,13.9163847,100.5706024,13.92,100.57,,
AK2793,AK2793_T_1536,23-09-16,22:50,22,D,13.91091824,100.4987335,13.91,100.5,35636,36
AK2794,AK2794_T_2981,23-09-16,0:54,0,O,13.74517345,100.5417175,13.75,100.54,,
AK2794,AK2794_T_2981,23-09-16,1:30,1,D,13.75567436,100.5668945,13.76,100.57,5957,36
AK2794,AK2794_T_2982,23-09-16,1:36,1,O,13.75016403,100.5637894,13.75,100.56,,
AK2794,AK2794_T_2982,23-09-16,1:43,1,D,13.74288845,100.5927734,13.74,100.59,4415,7
AK2794,AK2794_T_2983,23-09-16,1:49,1,O,13.74321461,100.5909119,13.74,100.59,,
AK2794,AK2794_T_2983,23-09-16,2:38,2,D,13.73125935,100.5815887,13.73,100.58,15969,49
AK2794,AK2794_T_2984,23-09-16,2:49,2,O,13.73103046,100.581543,13.73,100.58,,
AK2794,AK2794_T_2984,23-09-16,2:59,2,D,13.72110271,100.5703964,13.72,100.57,2782,10
AK2794,AK2794_T_2985,23-09-16,5:10,5,O,13.72105122,100.5704346,13.72,100.57,,
AK2794,AK2794_T_2985,23-09-16,5:52,5,D,13.67839813,100.6732407,13.68,100.67,16358,42
AK2794,AK2794_T_2986,23-09-16,20:06,20,O,13.67835712,100.6731491,13.68,100.67,,
AK2794,AK2794_T_2986,23-09-16,22:33,22,D,13.94964218,100.6223221,13.95,100.62,52482,27
AK2794,AK2794_T_2987,23-09-16,22:41,22,O,13.95024776,100.6222763,13.95,100.62,,
AK2794,AK2794_T_2987,23-09-16,22:53,22,D,13.88686466,100.5834427,13.89,100.58,9103,12
AK2795,AK2795_T_1186,23-09-16,7:01,7,O,13.61145687,100.6618805,13.61,100.66,,
AK2795,AK2795_T_1186,23-09-16,10:58,10,D,13.66830826,100.6298599,13.67,100.63,32252,57
AK2795,AK2795_T_1187,23-09-16,11:39,11,O,13.66887188,100.626503,13.67,100.63,,
AK2795,AK2795_T_1187,23-09-16,13:01,13,D,13.75015831,100.5984344,13.75,100.6,28910,22
AK2795,AK2795_T_1188,23-09-16,13:19,13,O,13.75047398,100.5987396,13.75,100.6,,
AK2795,AK2795_T_1188,23-09-16,17:46,17,D,13.60460854,100.6973038,13.6,100.7,72390,27
AK2795,AK2795_T_1189,23-09-16,18:06,18,O,13.60557747,100.6913071,13.61,100.69,,
AK2795,AK2795_T_1189,23-09-16,18:16,18,D,13.61142635,100.6619415,13.61,100.66,3329,10
AK2796,AK2796_T_1866,23-09-16,6:03,6,O,13.71400833,100.7180252,13.71,100.72,,
AK2796,AK2796_T_1866,23-09-16,6:14,6,D,13.71394825,100.7180786,13.71,100.72,2120,11
AK2796,AK2796_T_1867,23-09-16,7:55,7,O,13.71397495,100.7180328,13.71,100.72,,
AK2796,AK2796_T_1867,23-09-16,8:41,8,D,13.67454147,100.723175,13.67,100.72,10318,46
AK2796,AK2796_T_1868,23-09-16,8:46,8,O,13.67426682,100.7221146,13.67,100.72,,
AK2796,AK2796_T_1868,23-09-16,10:23,10,D,13.71318245,100.7151108,13.71,100.72,31069,37
AK2796,AK2796_T_1869,23-09-16,11:10,11,O,13.71284866,100.7145233,13.71,100.71,,
AK2796,AK2796_T_1869,23-09-16,14:29,14,D,13.66981888,100.7202225,13.67,100.72,70922,19
AK2796,AK2796_T_1870,23-09-16,14:39,14,O,13.66989422,100.7199936,13.67,100.72,,
AK2796,AK2796_T_1870,23-09-16,16:38,16,D,13.6745348,100.7231674,13.67,100.72,52562,59
AK2796,AK2796_T_1871,23-09-16,16:49,16,O,13.67459202,100.7234039,13.67,100.72,,
AK2796,AK2796_T_1871,23-09-16,17:04,17,D,13.68579674,100.7046585,13.69,100.7,3852,15
AK2796,AK2796_T_1872,23-09-16,17:19,17,O,13.68498898,100.704422,13.68,100.7,,
AK2796,AK2796_T_1872,23-09-16,18:38,18,D,13.71397877,100.7181625,13.71,100.72,9176,19
AK2797,AK2797_T_7734,23-09-16,5:20,5,O,13.70059013,100.6858368,13.7,100.69,,
AK2797,AK2797_T_7734,23-09-16,5:23,5,D,13.70234299,100.6891556,13.7,100.69,408,3
AK2797,AK2797_T_7736,23-09-16,5:42,5,O,13.6935873,100.7501755,13.69,100.75,,
AK2797,AK2797_T_7736,23-09-16,6:03,6,D,13.69205379,100.6710815,13.69,100.67,13240,21
AK2797,AK2797_T_7738,23-09-16,6:21,6,O,13.6793623,100.6091232,13.68,100.61,,
AK2797,AK2797_T_7738,23-09-16,6:24,6,D,13.68212032,100.6103287,13.68,100.61,692,3
AK2797,AK2797_T_7744,23-09-16,8:14,8,O,13.69841766,100.5871353,13.7,100.59,,
AK2797,AK2797_T_7744,23-09-16,8:18,8,D,13.69841766,100.5871353,13.7,100.59,0,4
AK2797,AK2797_T_7745,23-09-16,8:23,8,O,13.69778538,100.5890579,13.7,100.59,,
AK2797,AK2797_T_7745,23-09-16,8:30,8,D,13.70565033,100.5961075,13.71,100.6,1495,7
AK2797,AK2797_T_7751,23-09-16,9:54,9,O,13.7431488,100.6015244,13.74,100.6,,
AK2797,AK2797_T_7751,23-09-16,10:00,10,D,13.73710537,100.617836,13.74,100.62,2067,6
AK2797,AK2797_T_7752,23-09-16,10:13,10,O,13.73672199,100.6196518,13.74,100.62,,
AK2797,AK2797_T_7752,23-09-16,10:21,10,D,13.72309494,100.6585312,13.72,100.66,4809,8
AK2797,AK2797_T_7754,23-09-16,10:25,10,O,13.71579456,100.6543274,13.72,100.65,,
AK2797,AK2797_T_7754,23-09-16,10:39,10,D,13.69994068,100.6851273,13.7,100.69,5437,14
AK2797,AK2797_T_7759,23-09-16,14:32,14,O,13.67489624,100.6456223,13.67,100.65,,
AK2797,AK2797_T_7759,23-09-16,15:20,15,D,13.74365425,100.5890656,13.74,100.59,15364,48
AK2797,AK2797_T_7763,23-09-16,16:17,16,O,13.8130188,100.5488739,13.81,100.55,,
AK2797,AK2797_T_7763,23-09-16,17:36,17,D,13.74432564,100.6023788,13.74,100.6,17389,19
AK2797,AK2797_T_7765,23-09-16,18:00,18,O,13.75636864,100.614151,13.76,100.61,,
AK2797,AK2797_T_7765,23-09-16,18:14,18,D,13.7588129,100.6172867,13.76,100.62,782,14
AK2797,AK2797_T_7767,23-09-16,18:35,18,O,13.73676682,100.6123123,13.74,100.61,,
AK2797,AK2797_T_7767,23-09-16,18:37,18,D,13.73635006,100.613945,13.74,100.61,190,2
AK2797,AK2797_T_7769,23-09-16,18:54,18,O,13.70928288,100.6633835,13.71,100.66,,
AK2797,AK2797_T_7769,23-09-16,19:04,19,D,13.70059776,100.6858063,13.7,100.69,4908,10
AK2799,AK2799_T_8400,23-09-16,13:18,13,O,13.60271931,100.4986954,13.6,100.5,,
AK2799,AK2799_T_8400,23-09-16,13:31,13,D,13.61882877,100.5113678,13.62,100.51,2938,13
AK2799,AK2799_T_8404,23-09-16,14:10,14,O,13.63971806,100.5247345,13.64,100.52,,
AK2799,AK2799_T_8404,23-09-16,14:36,14,D,13.67850018,100.4975433,13.68,100.5,5730,26
AK2799,AK2799_T_8406,23-09-16,15:12,15,O,13.77867889,100.4771194,13.78,100.48,,
AK2799,AK2799_T_8406,23-09-16,15:21,15,D,13.78169346,100.4737244,13.78,100.47,1082,9
AK2799,AK2799_T_8407,23-09-16,15:27,15,O,13.78338528,100.4721222,13.78,100.47,,
AK2799,AK2799_T_8407,23-09-16,16:05,16,D,13.75689888,100.4779282,13.76,100.48,9670,38
AK2799,AK2799_T_8409,23-09-16,18:20,18,O,13.91383743,100.5988541,13.91,100.6,,
AK2799,AK2799_T_8409,23-09-16,18:37,18,D,13.86613178,100.5728683,13.87,100.57,6024,17
AK2799,AK2799_T_8410,23-09-16,18:43,18,O,13.86626434,100.5721359,13.87,100.57,,
AK2799,AK2799_T_8410,23-09-16,19:03,19,D,13.84029579,100.5582809,13.84,100.56,3262,20
AK2799,AK2799_T_8412,23-09-16,19:21,19,O,13.83173656,100.5261307,13.83,100.53,,
AK2799,AK2799_T_8412,23-09-16,20:03,20,D,13.75988197,100.4293518,13.76,100.43,20309,42
AK2801,AK2801_T_3321,23-09-16,5:31,5,O,13.63723373,100.6195908,13.64,100.62,,
AK2801,AK2801_T_3321,23-09-16,5:34,5,D,13.63558578,100.6195755,13.64,100.62,291,3
AK2801,AK2801_T_3323,23-09-16,5:49,5,O,13.62875938,100.6343689,13.63,100.63,,
AK2801,AK2801_T_3323,23-09-16,6:01,6,D,13.6327858,100.6506119,13.63,100.65,2375,12
AK2801,AK2801_T_3324,23-09-16,12:19,12,O,13.63319874,100.6496964,13.63,100.65,,
AK2801,AK2801_T_3324,23-09-16,12:40,12,D,13.63711262,100.619545,13.64,100.62,4611,21
AK2803,AK2803_T_6068,23-09-16,8:10,8,O,13.72735023,100.6149597,13.73,100.61,,
AK2803,AK2803_T_6068,23-09-16,8:23,8,D,13.71122074,100.6040649,13.71,100.6,2591,13
AK2803,AK2803_T_6072,23-09-16,9:04,9,O,13.71914864,100.5694885,13.72,100.57,,
AK2803,AK2803_T_6072,23-09-16,9:09,9,D,13.72964191,100.5704651,13.73,100.57,1210,5
AK2803,AK2803_T_6074,23-09-16,9:52,9,O,13.74554443,100.5014954,13.75,100.5,,
AK2803,AK2803_T_6074,23-09-16,9:55,9,D,13.74726963,100.4970779,13.75,100.5,573,3
AK2803,AK2803_T_6076,23-09-16,10:02,10,O,13.75469589,100.4939346,13.75,100.49,,
AK2803,AK2803_T_6076,23-09-16,10:11,10,D,13.75773716,100.4977951,13.76,100.5,2323,8
AK2803,AK2803_T_6078,23-09-16,10:19,10,O,13.76107502,100.5117569,13.76,100.51,,
AK2803,AK2803_T_6078,23-09-16,10:22,10,D,13.76094723,100.5083084,13.76,100.51,600,3
AK2803,AK2803_T_6082,23-09-16,10:34,10,O,13.74576569,100.509407,13.75,100.51,,
AK2803,AK2803_T_6082,23-09-16,10:40,10,D,13.73692894,100.5157623,13.74,100.52,1429,6
AK2803,AK2803_T_6084,23-09-16,11:16,11,O,13.76813793,100.5388336,13.77,100.54,,
AK2803,AK2803_T_6084,23-09-16,11:58,11,D,13.7577076,100.5357971,13.76,100.54,2246,42
AK2803,AK2803_T_6086,23-09-16,12:17,12,O,13.76048946,100.5396576,13.76,100.54,,
AK2803,AK2803_T_6086,23-09-16,12:38,12,D,13.75099564,100.5380859,13.75,100.54,2614,21
AK2803,AK2803_T_6088,23-09-16,12:57,12,O,13.73033333,100.5477905,13.73,100.55,,
AK2803,AK2803_T_6088,23-09-16,13:03,13,D,13.73409653,100.5448685,13.73,100.54,1040,6
AK2803,AK2803_T_6089,23-09-16,13:17,13,O,13.73412323,100.5444946,13.73,100.54,,
AK2803,AK2803_T_6089,23-09-16,13:39,13,D,13.73130703,100.5222168,13.73,100.52,4098,22
AK2803,AK2803_T_6093,23-09-16,13:49,13,O,13.73645782,100.5389099,13.74,100.54,,
AK2803,AK2803_T_6093,23-09-16,14:10,14,D,13.74766445,100.5631332,13.75,100.56,3969,21
AK2803,AK2803_T_6095,23-09-16,14:44,14,O,13.76448441,100.5393295,13.76,100.54,,
AK2803,AK2803_T_6095,23-09-16,15:15,15,D,13.75397491,100.5376282,13.75,100.54,2265,31
AK2803,AK2803_T_6097,23-09-16,15:56,15,O,13.80110073,100.5484543,13.8,100.55,,
AK2803,AK2803_T_6097,23-09-16,16:04,16,D,13.78404427,100.5352325,13.78,100.54,2676,8
AK2803,AK2803_T_6099,23-09-16,17:16,17,O,13.80176544,100.5769501,13.8,100.58,,
AK2803,AK2803_T_6099,23-09-16,17:21,17,D,13.79260826,100.5742874,13.79,100.57,1872,5
AK2803,AK2803_T_6101,23-09-16,17:53,17,O,13.80219841,100.5796432,13.8,100.58,,
AK2803,AK2803_T_6101,23-09-16,18:01,18,D,13.80224895,100.5748825,13.8,100.57,724,8
AK2803,AK2803_T_6103,23-09-16,18:14,18,O,13.79698658,100.5856171,13.8,100.59,,
AK2803,AK2803_T_6103,23-09-16,18:43,18,D,13.76248932,100.5674744,13.76,100.57,4945,29
AK2803,AK2803_T_6105,23-09-16,18:45,18,O,13.76219559,100.5672989,13.76,100.57,,
AK2803,AK2803_T_6105,23-09-16,19:01,19,D,13.75108147,100.5692215,13.75,100.57,1572,16
AK2803,AK2803_T_6110,23-09-16,20:23,20,O,13.76964474,100.6769714,13.77,100.68,,
AK2803,AK2803_T_6110,23-09-16,20:29,20,D,13.76916313,100.6604462,13.77,100.66,2683,6
AK2803,AK2803_T_6111,23-09-16,20:43,20,O,13.76846123,100.6595154,13.77,100.66,,
AK2803,AK2803_T_6111,23-09-16,21:15,21,D,13.74063778,100.5617905,13.74,100.56,12386,32
AK2803,AK2803_T_6113,23-09-16,21:32,21,O,13.74712944,100.574501,13.75,100.57,,
AK2803,AK2803_T_6113,23-09-16,21:34,21,D,13.748806,100.5642395,13.75,100.56,1127,2
AK2804,AK2804_T_8201,23-09-16,3:42,3,O,13.54946518,100.6109085,13.55,100.61,,
AK2804,AK2804_T_8201,23-09-16,4:17,4,D,13.64019871,100.6051178,13.64,100.61,12517,35
AK2804,AK2804_T_8203,23-09-16,4:59,4,O,13.9168663,100.6001129,13.92,100.6,,
AK2804,AK2804_T_8203,23-09-16,5:23,5,D,13.76193142,100.5426025,13.76,100.54,19162,24
AK2804,AK2804_T_8205,23-09-16,5:45,5,O,13.73409653,100.6326523,13.73,100.63,,
AK2804,AK2804_T_8205,23-09-16,5:48,5,D,13.73677158,100.6302032,13.74,100.63,401,3
AK2804,AK2804_T_8207,23-09-16,6:02,6,O,13.74836159,100.5834198,13.75,100.58,,
AK2804,AK2804_T_8207,23-09-16,6:16,6,D,13.74878693,100.5644455,13.75,100.56,4034,14
AK2804,AK2804_T_8209,23-09-16,6:19,6,O,13.73894596,100.5616531,13.74,100.56,,
AK2804,AK2804_T_8209,23-09-16,7:18,7,D,13.73227692,100.5649643,13.73,100.56,9529,59
AK2804,AK2804_T_8211,23-09-16,8:04,8,O,13.7277422,100.5400543,13.73,100.54,,
AK2804,AK2804_T_8211,23-09-16,8:17,8,D,13.74308491,100.5470428,13.74,100.55,2382,13
AK2804,AK2804_T_8215,23-09-16,8:37,8,O,13.74232197,100.5480728,13.74,100.55,,
AK2804,AK2804_T_8215,23-09-16,8:53,8,D,13.74032974,100.5395737,13.74,100.54,3713,16
AK2804,AK2804_T_8217,23-09-16,9:22,9,O,13.73749638,100.5615692,13.74,100.56,,
AK2804,AK2804_T_8217,23-09-16,9:44,9,D,13.74069595,100.5592651,13.74,100.56,3603,22
AK2804,AK2804_T_8219,23-09-16,9:58,9,O,13.72279835,100.5806732,13.72,100.58,,
AK2804,AK2804_T_8219,23-09-16,10:18,10,D,13.72402859,100.5668716,13.72,100.57,2999,20
AK2804,AK2804_T_8221,23-09-16,10:24,10,O,13.71850872,100.5697098,13.72,100.57,,
AK2804,AK2804_T_8221,23-09-16,10:59,10,D,13.70911217,100.5409164,13.71,100.54,7390,35
AK2804,AK2804_T_8222,23-09-16,11:06,11,O,13.71262455,100.5445023,13.71,100.54,,
AK2804,AK2804_T_8222,23-09-16,11:56,11,D,13.73501396,100.5633621,13.74,100.56,9907,50
AK2804,AK2804_T_8223,23-09-16,12:17,12,O,13.73299408,100.5639725,13.73,100.56,,
AK2804,AK2804_T_8223,23-09-16,12:20,12,D,13.7325449,100.5628052,13.73,100.56,312,3
AK2804,AK2804_T_8225,23-09-16,12:43,12,O,13.74589825,100.5522842,13.75,100.55,,
AK2804,AK2804_T_8225,23-09-16,12:53,12,D,13.73941898,100.5569305,13.74,100.56,1165,10
AK2804,AK2804_T_8227,23-09-16,13:03,13,O,13.73291683,100.5672226,13.73,100.57,,
AK2804,AK2804_T_8227,23-09-16,13:48,13,D,13.7295208,100.5372086,13.73,100.54,9333,45
AK2804,AK2804_T_8229,23-09-16,14:06,14,O,13.72370625,100.5503616,13.72,100.55,,
AK2804,AK2804_T_8229,23-09-16,14:25,14,D,13.72663784,100.5628891,13.73,100.56,3715,19
AK2804,AK2804_T_8231,23-09-16,14:28,14,O,13.72891998,100.5648117,13.73,100.56,,
AK2804,AK2804_T_8231,23-09-16,14:39,14,D,13.73286915,100.5609207,13.73,100.56,1643,11
AK2804,AK2804_T_8233,23-09-16,14:50,14,O,13.7199316,100.5669632,13.72,100.57,,
AK2804,AK2804_T_8233,23-09-16,14:55,14,D,13.72565174,100.5650024,13.73,100.57,737,5
AK2804,AK2804_T_8235,23-09-16,14:57,14,O,13.72819328,100.5651016,13.73,100.57,,
AK2804,AK2804_T_8235,23-09-16,15:58,15,D,13.64928055,100.5408478,13.65,100.54,12202,1
AK2804,AK2804_T_8236,23-09-16,16:18,16,O,13.65367699,100.5407867,13.65,100.54,,
AK2804,AK2804_T_8236,23-09-16,16:28,16,D,13.64853859,100.566391,13.65,100.57,2960,10
AK2804,AK2804_T_8238,23-09-16,16:42,16,O,13.65869522,100.591835,13.66,100.59,,
AK2804,AK2804_T_8238,23-09-16,16:46,16,D,13.64937115,100.5933304,13.65,100.59,1061,4
AK2804,AK2804_T_8240,23-09-16,17:18,17,O,13.64164829,100.5938568,13.64,100.59,,
AK2804,AK2804_T_8240,23-09-16,17:24,17,D,13.63962555,100.5931168,13.64,100.59,240,6
AK2804,AK2804_T_8242,23-09-16,17:54,17,O,13.61705494,100.592926,13.62,100.59,,
AK2804,AK2804_T_8242,23-09-16,17:56,17,D,13.61241341,100.5935059,13.61,100.59,552,2
AK2804,AK2804_T_8244,23-09-16,18:50,18,O,13.4950304,100.8551636,13.5,100.86,,
AK2804,AK2804_T_8244,23-09-16,19:10,19,D,13.50886059,100.8205261,13.51,100.82,4068,20
AK2804,AK2804_T_8246,23-09-16,19:18,19,O,13.53182316,100.7880936,13.53,100.79,,
AK2804,AK2804_T_8246,23-09-16,19:41,19,D,13.51011467,100.8094559,13.51,100.81,5316,23
AK2804,AK2804_T_8247,23-09-16,20:32,20,O,13.50965405,100.8085556,13.51,100.81,,
AK2804,AK2804_T_8247,23-09-16,20:50,20,D,13.52175522,100.6538086,13.52,100.65,17319,18
AK2806,AK2806_T_3444,23-09-16,3:29,3,O,13.8443718,100.838623,13.84,100.84,,
AK2806,AK2806_T_3444,23-09-16,3:40,3,D,13.81532001,100.7513733,13.82,100.75,11718,11
AK2806,AK2806_T_3445,23-09-16,3:45,3,O,13.81621838,100.7449722,13.82,100.74,,
AK2806,AK2806_T_3445,23-09-16,3:53,3,D,13.77147007,100.6639328,13.77,100.66,10091,8
AK2806,AK2806_T_3447,23-09-16,8:47,8,O,14.31147099,101.2954788,14.31,101.3,,
AK2806,AK2806_T_3447,23-09-16,9:00,9,D,14.23426342,101.2450256,14.23,101.25,11146,13
AK2806,AK2806_T_3448,23-09-16,9:27,9,O,14.23444557,101.2445602,14.23,101.24,,
AK2806,AK2806_T_3448,23-09-16,9:50,9,D,14.20103168,101.0605087,14.2,101.06,23525,23
AK2806,AK2806_T_3449,23-09-16,10:08,10,O,14.20063019,101.0598602,14.2,101.06,,
AK2806,AK2806_T_3449,23-09-16,10:11,10,D,14.19109631,101.0484238,14.19,101.05,1637,3
AK2806,AK2806_T_3450,23-09-16,10:31,10,O,14.18738174,101.0418549,14.19,101.04,,
AK2806,AK2806_T_3450,23-09-16,11:54,11,D,13.85863686,100.5680008,13.86,100.57,69334,23
AK2806,AK2806_T_3451,23-09-16,12:01,12,O,13.85791111,100.5675278,13.86,100.57,,
AK2806,AK2806_T_3451,23-09-16,12:39,12,D,13.75148869,100.5430603,13.75,100.54,13556,38
AK2806,AK2806_T_3453,23-09-16,15:13,15,O,13.72554111,100.5595093,13.73,100.56,,
AK2806,AK2806_T_3453,23-09-16,15:42,15,D,13.75131798,100.5429459,13.75,100.54,5055,29
AK2806,AK2806_T_3455,23-09-16,19:34,19,O,13.70593357,100.5066833,13.71,100.51,,
AK2806,AK2806_T_3455,23-09-16,19:56,19,D,13.757514,100.5358047,13.76,100.54,7293,22
AK2806,AK2806_T_3457,23-09-16,20:20,20,O,13.80052471,100.5522842,13.8,100.55,,
AK2806,AK2806_T_3457,23-09-16,20:36,20,D,13.80735683,100.5714111,13.81,100.57,3004,16
AK2806,AK2806_T_3459,23-09-16,21:16,21,O,13.78694725,100.6765671,13.79,100.68,,
AK2806,AK2806_T_3459,23-09-16,21:32,21,D,13.81261539,100.7277908,13.81,100.73,6446,16
AK2806,AK2806_T_3461,23-09-16,21:44,21,O,13.83007717,100.7703247,13.83,100.77,,
AK2806,AK2806_T_3461,23-09-16,21:56,21,D,13.85466576,100.8394012,13.85,100.84,8416,12
AK2807,AK2807_T_13538,23-09-16,16:13,16,O,13.92130756,100.6409378,13.92,100.64,,
AK2807,AK2807_T_13538,23-09-16,16:33,16,D,13.92162418,100.6408691,13.92,100.64,36,20
AK2807,AK2807_T_13540,23-09-16,16:55,16,O,13.9622612,100.6200562,13.96,100.62,,
AK2807,AK2807_T_13540,23-09-16,17:03,17,D,13.99065399,100.6148682,13.99,100.61,3210,8
AK2807,AK2807_T_13542,23-09-16,17:19,17,O,13.98716068,100.5639572,13.99,100.56,,
AK2807,AK2807_T_13542,23-09-16,18:14,18,D,13.98981953,100.6145096,13.99,100.61,12260,55
AK2807,AK2807_T_13544,23-09-16,18:33,18,O,14.06104565,100.5976486,14.06,100.6,,
AK2807,AK2807_T_13544,23-09-16,18:36,18,D,14.06494999,100.5920792,14.06,100.59,823,3
AK2807,AK2807_T_13546,23-09-16,18:39,18,O,14.06559467,100.6047592,14.07,100.6,,
AK2807,AK2807_T_13546,23-09-16,18:42,18,D,14.06560993,100.6058502,14.07,100.61,118,3
AK2807,AK2807_T_13548,23-09-16,19:06,19,O,14.00411129,100.6153107,14,100.62,,
AK2807,AK2807_T_13548,23-09-16,19:09,19,D,13.99449635,100.6132813,13.99,100.61,1152,3
AK2807,AK2807_T_13550,23-09-16,19:23,19,O,13.98708153,100.6068268,13.99,100.61,,
AK2807,AK2807_T_13550,23-09-16,19:27,19,D,13.98944187,100.6139984,13.99,100.61,843,4
AK2807,AK2807_T_13552,23-09-16,19:41,19,O,14.113801,100.6152115,14.11,100.62,,
AK2807,AK2807_T_13552,23-09-16,20:05,20,D,14.06612587,100.6176605,14.07,100.62,11449,24
AK2807,AK2807_T_13553,23-09-16,20:21,20,O,14.06545639,100.6176758,14.07,100.62,,
AK2807,AK2807_T_13553,23-09-16,20:47,20,D,13.99097443,100.6153717,13.99,100.62,13604,26
AK2807,AK2807_T_13555,23-09-16,21:01,21,O,13.9616766,100.611908,13.96,100.61,,
AK2807,AK2807_T_13555,23-09-16,21:08,21,D,13.98780155,100.6154709,13.99,100.62,3502,7
AK2807,AK2807_T_13557,23-09-16,21:16,21,O,14.03946114,100.6160889,14.04,100.62,,
AK2807,AK2807_T_13557,23-09-16,21:34,21,D,14.00156116,100.6151886,14,100.62,10162,18
AK2807,AK2807_T_13559,23-09-16,21:50,21,O,14.13266087,100.6187134,14.13,100.62,,
AK2807,AK2807_T_13559,23-09-16,21:52,21,D,14.12324238,100.618927,14.12,100.62,1049,2
AK2807,AK2807_T_13561,23-09-16,22:14,22,O,14.12270355,100.6190033,14.12,100.62,,
AK2807,AK2807_T_13561,23-09-16,22:45,22,D,13.96003246,100.620842,13.96,100.62,18170,31
AK2807,AK2807_T_13563,23-09-16,22:51,22,O,13.95088577,100.6336441,13.95,100.63,,
AK2807,AK2807_T_13563,23-09-16,23:05,23,D,13.92219257,100.6028748,13.92,100.6,6763,14
AK2807,AK2807_T_13565,23-09-16,23:27,23,O,13.75313187,100.5749054,13.75,100.57,,
AK2807,AK2807_T_13565,23-09-16,23:52,23,D,13.77879047,100.5735397,13.78,100.57,3904,25
AK2808,AK2808_T_4698,23-09-16,4:22,4,O,13.6977644,100.851387,13.7,100.85,,
AK2808,AK2808_T_4698,23-09-16,4:24,4,D,13.69403458,100.8610916,13.69,100.86,1128,2
AK2808,AK2808_T_4699,23-09-16,4:41,4,O,13.69806671,100.8503876,13.7,100.85,,
AK2808,AK2808_T_4699,23-09-16,4:49,4,D,13.70558071,100.822113,13.71,100.82,4693,8
AK2808,AK2808_T_4701,23-09-16,9:52,9,O,12.5616312,99.96033478,12.56,99.96,,
AK2808,AK2808_T_4701,23-09-16,10:03,10,D,12.44728088,99.96318054,12.45,99.96,13119,11
AK2808,AK2808_T_4703,23-09-16,10:30,10,O,12.39851475,99.98930359,12.4,99.99,,
AK2808,AK2808_T_4703,23-09-16,11:10,11,D,12.61656284,99.94953156,12.62,99.95,28680,40
AK2808,AK2808_T_4704,23-09-16,11:50,11,O,12.61664581,99.94928741,12.62,99.95,,
AK2808,AK2808_T_4704,23-09-16,12:16,12,D,12.81717587,99.94056702,12.82,99.94,25261,26
AK2808,AK2808_T_4705,23-09-16,12:33,12,O,12.82337666,99.9378891,12.82,99.94,,
AK2808,AK2808_T_4705,23-09-16,13:30,13,D,13.41569519,100.0283432,13.42,100.03,89910,57
AK2808,AK2808_T_4706,23-09-16,13:39,13,O,13.43039894,100.0468674,13.43,100.05,,
AK2808,AK2808_T_4706,23-09-16,15:01,15,D,13.65794945,100.6009979,13.66,100.6,72086,22
AK2809,AK2809_T_12320,23-09-16,0:07,0,O,13.74269772,100.6019516,13.74,100.6,,
AK2809,AK2809_T_12320,23-09-16,0:16,0,D,13.7409811,100.6422577,13.74,100.64,5414,9
AK2809,AK2809_T_12329,23-09-16,9:25,9,O,13.76673603,100.6403656,13.77,100.64,,
AK2809,AK2809_T_12329,23-09-16,9:27,9,D,13.76871967,100.6398773,13.77,100.64,230,2
AK2809,AK2809_T_12333,23-09-16,10:24,10,O,13.75194263,100.6220398,13.75,100.62,,
AK2809,AK2809_T_12333,23-09-16,10:26,10,D,13.74645042,100.6240234,13.75,100.62,655,2
AK2809,AK2809_T_12335,23-09-16,10:43,10,O,13.7414093,100.6279602,13.74,100.63,,
AK2809,AK2809_T_12335,23-09-16,10:57,10,D,13.76089382,100.6287537,13.76,100.63,5437,14
AK2809,AK2809_T_12337,23-09-16,11:07,11,O,13.77610207,100.6738281,13.78,100.67,,
AK2809,AK2809_T_12337,23-09-16,11:10,11,D,13.77150917,100.6641159,13.77,100.66,1193,3
AK2809,AK2809_T_12338,23-09-16,11:17,11,O,13.77057266,100.6636124,13.77,100.66,,
AK2809,AK2809_T_12338,23-09-16,11:19,11,D,13.76903343,100.6602097,13.77,100.66,437,2
AK2809,AK2809_T_12342,23-09-16,12:33,12,O,13.71308517,100.5745316,13.71,100.57,,
AK2809,AK2809_T_12342,23-09-16,12:38,12,D,13.71753788,100.5847015,13.72,100.58,1734,5
AK2809,AK2809_T_12344,23-09-16,12:40,12,O,13.71840382,100.5847092,13.72,100.58,,
AK2809,AK2809_T_12344,23-09-16,12:48,12,D,13.72865963,100.5960236,13.73,100.6,3030,8
AK2809,AK2809_T_12348,23-09-16,13:24,13,O,13.73299026,100.6318665,13.73,100.63,,
AK2809,AK2809_T_12348,23-09-16,13:28,13,D,13.73682785,100.6238785,13.74,100.62,1095,4
AK2809,AK2809_T_12350,23-09-16,13:38,13,O,13.73600769,100.6233444,13.74,100.62,,
AK2809,AK2809_T_12350,23-09-16,13:55,13,D,13.73894024,100.6164093,13.74,100.62,4345,17
AK2809,AK2809_T_12354,23-09-16,14:36,14,O,13.72926331,100.5691528,13.73,100.57,,
AK2809,AK2809_T_12354,23-09-16,14:48,14,D,13.72298241,100.5804062,13.72,100.58,1495,12
AK2809,AK2809_T_12356,23-09-16,15:26,15,O,13.83005524,100.6322708,13.83,100.63,,
AK2809,AK2809_T_12356,23-09-16,15:30,15,D,13.81619167,100.6235199,13.82,100.62,1949,4
AK2809,AK2809_T_12358,23-09-16,15:43,15,O,13.80994129,100.6200256,13.81,100.62,,
AK2809,AK2809_T_12358,23-09-16,15:54,15,D,13.77535343,100.6287384,13.78,100.63,5156,11
AK2809,AK2809_T_12360,23-09-16,16:19,16,O,13.76715183,100.6746826,13.77,100.67,,
AK2809,AK2809_T_12360,23-09-16,16:47,16,D,13.77420044,100.6682129,13.77,100.67,4675,28
AK2809,AK2809_T_12361,23-09-16,16:58,16,O,13.77569962,100.6698914,13.78,100.67,,
AK2809,AK2809_T_12361,23-09-16,17:02,17,D,13.78242397,100.6829376,13.78,100.68,1603,4
AK2809,AK2809_T_12363,23-09-16,17:18,17,O,13.77412891,100.6564102,13.77,100.66,,
AK2809,AK2809_T_12363,23-09-16,17:29,17,D,13.77784729,100.6747665,13.78,100.67,3586,11
AK2809,AK2809_T_12365,23-09-16,17:41,17,O,13.80284023,100.7135086,13.8,100.71,,
AK2809,AK2809_T_12365,23-09-16,17:50,17,D,13.79806423,100.6979218,13.8,100.7,1806,9
AK2809,AK2809_T_12368,23-09-16,18:43,18,O,13.8614378,100.6770935,13.86,100.68,,
AK2809,AK2809_T_12368,23-09-16,18:55,18,D,13.81985474,100.662117,13.82,100.66,7023,12
AK2809,AK2809_T_12369,23-09-16,19:01,19,O,13.81955719,100.6580276,13.82,100.66,,
AK2809,AK2809_T_12369,23-09-16,19:29,19,D,13.76292038,100.6479492,13.76,100.65,7512,28
AK2809,AK2809_T_12371,23-09-16,19:39,19,O,13.78120041,100.6808853,13.78,100.68,,
AK2809,AK2809_T_12371,23-09-16,19:42,19,D,13.78788662,100.6782913,13.79,100.68,1190,3
AK2809,AK2809_T_12372,23-09-16,19:53,19,O,13.78771782,100.6781311,13.79,100.68,,
AK2809,AK2809_T_12372,23-09-16,20:12,20,D,13.76836967,100.6512604,13.77,100.65,6374,19
AK2809,AK2809_T_12374,23-09-16,20:36,20,O,13.70121765,100.6379318,13.7,100.64,,
AK2809,AK2809_T_12374,23-09-16,20:50,20,D,13.71639156,100.6539917,13.72,100.65,5254,14
AK2809,AK2809_T_12376,23-09-16,21:26,21,O,13.9345808,100.734314,13.93,100.73,,
AK2809,AK2809_T_12376,23-09-16,21:29,21,D,13.93470573,100.7433624,13.93,100.74,978,3
AK2809,AK2809_T_12378,23-09-16,21:42,21,O,13.93423462,100.7406082,13.93,100.74,,
AK2809,AK2809_T_12378,23-09-16,21:45,21,D,13.93403625,100.7209396,13.93,100.72,2127,3
AK2809,AK2809_T_12380,23-09-16,21:58,21,O,13.82221603,100.6794128,13.82,100.68,,
AK2809,AK2809_T_12380,23-09-16,22:22,22,D,13.77477169,100.6692886,13.77,100.67,13973,24
AK2809,AK2809_T_12381,23-09-16,22:51,22,O,13.77551842,100.6699753,13.78,100.67,,
AK2809,AK2809_T_12381,23-09-16,23:09,23,D,13.73818398,100.644371,13.74,100.64,10555,18
AK2809,AK2809_T_12383,23-09-16,23:14,23,O,13.736063,100.6616821,13.74,100.66,,
AK2809,AK2809_T_12383,23-09-16,23:16,23,D,13.73966599,100.6488495,13.74,100.65,1446,2
AK2809,AK2809_T_12385,23-09-16,23:29,23,O,13.7205019,100.6156998,13.72,100.62,,
AK2809,AK2809_T_12385,23-09-16,23:44,23,D,13.74130726,100.6272507,13.74,100.63,6890,15
AK2810,AK2810_T_8373,23-09-16,6:53,6,O,13.74303722,100.5377884,13.74,100.54,,
AK2810,AK2810_T_8373,23-09-16,7:10,7,D,13.74967766,100.5465927,13.75,100.55,4624,17
AK2810,AK2810_T_8375,23-09-16,7:23,7,O,13.74536419,100.5823059,13.75,100.58,,
AK2810,AK2810_T_8375,23-09-16,7:39,7,D,13.73693848,100.6225586,13.74,100.62,4510,16
AK2810,AK2810_T_8377,23-09-16,7:45,7,O,13.73819542,100.6415405,13.74,100.64,,
AK2810,AK2810_T_8377,23-09-16,7:52,7,D,13.74455357,100.6433792,13.74,100.64,963,7
AK2810,AK2810_T_8379,23-09-16,7:59,7,O,13.7347393,100.6618805,13.73,100.66,,
AK2810,AK2810_T_8379,23-09-16,8:19,8,D,13.70916367,100.692688,13.71,100.69,7100,20
AK2810,AK2810_T_8381,23-09-16,8:30,8,O,13.71934032,100.6722641,13.72,100.67,,
AK2810,AK2810_T_8381,23-09-16,8:39,8,D,13.69911098,100.6470337,13.7,100.65,4861,9
AK2810,AK2810_T_8385,23-09-16,9:45,9,O,13.59889126,100.5974045,13.6,100.6,,
AK2810,AK2810_T_8385,23-09-16,10:00,10,D,13.62746811,100.5883179,13.63,100.59,4454,15
AK2810,AK2810_T_8387,23-09-16,10:22,10,O,13.656847,100.5378952,13.66,100.54,,
AK2810,AK2810_T_8387,23-09-16,10:25,10,D,13.65154552,100.5492783,13.65,100.55,1366,3
AK2810,AK2810_T_8389,23-09-16,10:47,10,O,13.66125488,100.6017609,13.66,100.6,,
AK2810,AK2810_T_8389,23-09-16,11:00,11,D,13.68311119,100.6105347,13.68,100.61,2686,13
AK2810,AK2810_T_8391,23-09-16,11:07,11,O,13.66816711,100.6343536,13.67,100.63,,
AK2810,AK2810_T_8391,23-09-16,11:22,11,D,13.6573782,100.6680756,13.66,100.67,6982,15
AK2810,AK2810_T_8395,23-09-16,11:34,11,O,13.66763592,100.6381149,13.67,100.64,,
AK2810,AK2810_T_8395,23-09-16,11:43,11,D,13.66404629,100.6515121,13.66,100.65,2487,9
AK2810,AK2810_T_8397,23-09-16,11:53,11,O,13.66791725,100.6398163,13.67,100.64,,
AK2810,AK2810_T_8397,23-09-16,12:11,12,D,13.66403198,100.651329,13.66,100.65,2661,18
AK2810,AK2810_T_8399,23-09-16,12:20,12,O,13.67353439,100.6049576,13.67,100.6,,
AK2810,AK2810_T_8399,23-09-16,12:25,12,D,13.67978382,100.6094894,13.68,100.61,1706,5
AK2810,AK2810_T_8401,23-09-16,12:32,12,O,13.66996765,100.64048,13.67,100.64,,
AK2810,AK2810_T_8401,23-09-16,12:42,12,D,13.64502525,100.6802444,13.65,100.68,6017,10
AK2810,AK2810_T_8403,23-09-16,12:55,12,O,13.61511803,100.6576538,13.62,100.66,,
AK2810,AK2810_T_8403,23-09-16,13:05,13,D,13.62483501,100.6256104,13.62,100.63,3852,10
AK2810,AK2810_T_8405,23-09-16,13:40,13,O,13.58883476,100.6094513,13.59,100.61,,
AK2810,AK2810_T_8405,23-09-16,13:47,13,D,13.6180563,100.6218338,13.62,100.62,3613,7
AK2810,AK2810_T_8407,23-09-16,14:01,14,O,13.598979,100.6297226,13.6,100.63,,
AK2810,AK2810_T_8407,23-09-16,14:13,14,D,13.6196661,100.6226578,13.62,100.62,5124,12
AK2810,AK2810_T_8411,23-09-16,15:05,15,O,13.654953,100.599205,13.65,100.6,,
AK2810,AK2810_T_8411,23-09-16,15:14,15,D,13.64187908,100.6033859,13.64,100.6,1973,9
AK2811,AK2811_T_4108,23-09-16,3:56,3,O,13.71097565,100.6402359,13.71,100.64,,
AK2811,AK2811_T_4108,23-09-16,4:24,4,D,13.73349285,100.5651398,13.73,100.57,9243,28
AK2811,AK2811_T_4110,23-09-16,4:29,4,O,13.73841095,100.5582962,13.74,100.56,,
AK2811,AK2811_T_4110,23-09-16,4:35,4,D,13.73756695,100.5612564,13.74,100.56,2219,6
AK2811,AK2811_T_4112,23-09-16,4:48,4,O,13.77313137,100.5561523,13.77,100.56,,
AK2811,AK2811_T_4112,23-09-16,5:13,5,D,13.76434803,100.6192245,13.76,100.62,9824,25
AK2811,AK2811_T_4114,23-09-16,5:33,5,O,13.76550198,100.5585632,13.77,100.56,,
AK2811,AK2811_T_4114,23-09-16,5:36,5,D,13.76254082,100.5557861,13.76,100.56,555,3
AK2811,AK2811_T_4116,23-09-16,5:51,5,O,13.76930523,100.528038,13.77,100.53,,
AK2811,AK2811_T_4116,23-09-16,6:10,6,D,13.7495203,100.5455475,13.75,100.55,6850,19
AK2811,AK2811_T_4118,23-09-16,6:17,6,O,13.74598026,100.5521622,13.75,100.55,,
AK2811,AK2811_T_4118,23-09-16,6:26,6,D,13.72450447,100.5605087,13.72,100.56,2937,9
AK2811,AK2811_T_4120,23-09-16,6:35,6,O,13.71313381,100.5579605,13.71,100.56,,
AK2811,AK2811_T_4120,23-09-16,6:38,6,D,13.71377659,100.5546036,13.71,100.55,858,3
AK2811,AK2811_T_4122,23-09-16,7:56,7,O,13.91661358,100.599968,13.92,100.6,,
AK2811,AK2811_T_4122,23-09-16,8:28,8,D,13.87835884,100.5786438,13.88,100.58,4844,32
AK2811,AK2811_T_4124,23-09-16,8:53,8,O,13.85128403,100.5649414,13.85,100.56,,
AK2811,AK2811_T_4124,23-09-16,9:13,9,D,13.82604122,100.5582352,13.83,100.56,3191,20
AK2811,AK2811_T_4125,23-09-16,9:21,9,O,13.82542324,100.5588837,13.83,100.56,,
AK2811,AK2811_T_4125,23-09-16,9:23,9,D,13.82542324,100.5588837,13.83,100.56,0,2
AK2811,AK2811_T_4129,23-09-16,10:45,10,O,13.6863966,100.6477585,13.69,100.65,,
AK2811,AK2811_T_4129,23-09-16,10:47,10,D,13.68941879,100.6471634,13.69,100.65,343,2
AK2811,AK2811_T_4131,23-09-16,10:56,10,O,13.6928997,100.6398468,13.69,100.64,,
AK2811,AK2811_T_4131,23-09-16,11:06,11,D,13.71096611,100.6401825,13.71,100.64,3041,10
AK2811,AK2811_T_4132,23-09-16,19:04,19,O,13.71095943,100.6401138,13.71,100.64,,
AK2811,AK2811_T_4132,23-09-16,19:17,19,D,13.69793987,100.6472931,13.7,100.65,2735,13
AK2811,AK2811_T_4134,23-09-16,19:25,19,O,13.72360325,100.6414337,13.72,100.64,,
AK2811,AK2811_T_4134,23-09-16,19:41,19,D,13.73354053,100.6412506,13.73,100.64,1523,16
AK2811,AK2811_T_4136,23-09-16,20:06,20,O,13.64579678,100.7096252,13.65,100.71,,
AK2811,AK2811_T_4136,23-09-16,20:12,20,D,13.63829803,100.7037659,13.64,100.7,1862,6
AK2811,AK2811_T_4140,23-09-16,20:34,20,O,13.66469383,100.7190323,13.66,100.72,,
AK2811,AK2811_T_4140,23-09-16,20:39,20,D,13.69107437,100.7292633,13.69,100.73,3152,5
AK2811,AK2811_T_4142,23-09-16,20:51,20,O,13.64028358,100.7121582,13.64,100.71,,
AK2811,AK2811_T_4142,23-09-16,20:53,20,D,13.65296555,100.7156296,13.65,100.72,1461,2
AK2811,AK2811_T_4146,23-09-16,21:21,21,O,13.66866398,100.6993332,13.67,100.7,,
AK2811,AK2811_T_4146,23-09-16,21:52,21,D,13.69209576,100.6473083,13.69,100.65,14558,31
AK2811,AK2811_T_4148,23-09-16,22:01,22,O,13.67972946,100.6384048,13.68,100.64,,
AK2811,AK2811_T_4148,23-09-16,22:17,22,D,13.71094036,100.6398849,13.71,100.64,5584,16
AK2816,AK2816_T_1312,23-09-16,6:16,6,O,13.84776974,100.4189377,13.85,100.42,,
AK2816,AK2816_T_1312,23-09-16,7:26,7,D,13.91303444,100.5556183,13.91,100.56,23599,10
AK2816,AK2816_T_1313,23-09-16,7:36,7,O,13.91277313,100.5552063,13.91,100.56,,
AK2816,AK2816_T_1313,23-09-16,10:13,10,D,13.85628986,100.4915237,13.86,100.49,41560,37
AK2816,AK2816_T_1314,23-09-16,10:19,10,O,13.85665035,100.4920349,13.86,100.49,,
AK2816,AK2816_T_1314,23-09-16,10:31,10,D,13.84639454,100.4391479,13.85,100.44,7883,11
AK2816,AK2816_T_1315,23-09-16,11:09,11,O,13.85031128,100.4291687,13.85,100.43,,
AK2816,AK2816_T_1315,23-09-16,11:20,11,D,13.84660625,100.4151154,13.85,100.42,1717,11
AK2816,AK2816_T_1316,23-09-16,11:36,11,O,13.84782887,100.4190369,13.85,100.42,,
AK2816,AK2816_T_1316,23-09-16,11:45,11,D,13.83309078,100.4139633,13.83,100.41,2067,9
AK2816,AK2816_T_1317,23-09-16,11:57,11,O,13.83301926,100.4142303,13.83,100.41,,
AK2816,AK2816_T_1317,23-09-16,12:07,12,D,13.79015541,100.4100723,13.79,100.41,4820,9
AK2816,AK2816_T_1318,23-09-16,12:14,12,O,13.78925514,100.4103546,13.79,100.41,,
AK2816,AK2816_T_1318,23-09-16,17:38,17,D,13.9562273,100.2937317,13.96,100.29,151800,23
AK2816,AK2816_T_1319,23-09-16,17:43,17,O,13.95309162,100.2953186,13.95,100.3,,
AK2816,AK2816_T_1319,23-09-16,20:26,20,D,13.86198521,100.5027542,13.86,100.5,58764,42
AK2816,AK2816_T_1320,23-09-16,20:39,20,O,13.86220932,100.5011597,13.86,100.5,,
AK2816,AK2816_T_1320,23-09-16,20:49,20,D,13.84767342,100.4475784,13.85,100.45,7100,9
AK2816,AK2816_T_1322,23-09-16,21:10,21,O,13.84745407,100.4382858,13.85,100.44,,
AK2816,AK2816_T_1322,23-09-16,21:20,21,D,13.84783936,100.4190598,13.85,100.42,2924,9
AK2853,AK2853_T_5384,23-09-16,3:43,3,O,13.82775402,100.5359955,13.83,100.54,,
AK2853,AK2853_T_5384,23-09-16,3:58,3,D,13.8278389,100.5358124,13.83,100.54,22,15
AK2853,AK2853_T_5385,23-09-16,4:13,4,O,13.8278389,100.5358124,13.83,100.54,,
AK2853,AK2853_T_5385,23-09-16,4:31,4,D,13.83522034,100.5402298,13.84,100.54,1026,18
AK2853,AK2853_T_5386,23-09-16,4:35,4,O,13.83522034,100.5402298,13.84,100.54,,
AK2853,AK2853_T_5386,23-09-16,4:40,4,D,13.83522034,100.5402298,13.84,100.54,0,5
AK2853,AK2853_T_5388,23-09-16,4:59,4,O,13.83522034,100.5402298,13.84,100.54,,
AK2853,AK2853_T_5388,23-09-16,5:56,5,D,13.83522034,100.5402298,13.84,100.54,0,57
AK2853,AK2853_T_5390,23-09-16,6:12,6,O,13.83522034,100.5402298,13.84,100.54,,
AK2853,AK2853_T_5390,23-09-16,6:19,6,D,13.83522034,100.5402298,13.84,100.54,0,7
AK2853,AK2853_T_5391,23-09-16,7:58,7,O,13.87385368,100.5801392,13.87,100.58,,
AK2853,AK2853_T_5391,23-09-16,8:01,8,D,13.87394619,100.5801086,13.87,100.58,11,3
AK2853,AK2853_T_5393,23-09-16,8:52,8,O,13.87590122,100.5769272,13.88,100.58,,
AK2853,AK2853_T_5393,23-09-16,8:59,8,D,13.87590122,100.5769272,13.88,100.58,0,7
AK2853,AK2853_T_5394,23-09-16,9:05,9,O,13.87590122,100.5769272,13.88,100.58,,
AK2853,AK2853_T_5394,23-09-16,9:12,9,D,13.87590122,100.5769272,13.88,100.58,0,7
AK2853,AK2853_T_5396,23-09-16,9:32,9,O,13.87590122,100.5769272,13.88,100.58,,
AK2853,AK2853_T_5396,23-09-16,9:35,9,D,13.87590122,100.5769272,13.88,100.58,0,3
AK2853,AK2853_T_5397,23-09-16,9:39,9,O,13.87590122,100.5769272,13.88,100.58,,
AK2853,AK2853_T_5397,23-09-16,10:03,10,D,13.87590122,100.5769272,13.88,100.58,0,24
AK2853,AK2853_T_5399,23-09-16,10:24,10,O,13.87590122,100.5769272,13.88,100.58,,
AK2853,AK2853_T_5399,23-09-16,10:57,10,D,13.87590122,100.5769272,13.88,100.58,0,33
AK2853,AK2853_T_5401,23-09-16,11:13,11,O,13.87590122,100.5769272,13.88,100.58,,
AK2853,AK2853_T_5401,23-09-16,11:19,11,D,13.87590122,100.5769272,13.88,100.58,0,6
AK2853,AK2853_T_5403,23-09-16,12:09,12,O,13.87590122,100.5769272,13.88,100.58,,
AK2853,AK2853_T_5403,23-09-16,12:43,12,D,13.87590122,100.5769272,13.88,100.58,0,34
AK2853,AK2853_T_5404,23-09-16,12:52,12,O,13.87590122,100.5769272,13.88,100.58,,
AK2853,AK2853_T_5404,23-09-16,12:56,12,D,13.87590122,100.5769272,13.88,100.58,0,4
AK2853,AK2853_T_5410,23-09-16,14:02,14,O,13.87590122,100.5769272,13.88,100.58,,
AK2853,AK2853_T_5410,23-09-16,14:34,14,D,13.87590122,100.5769272,13.88,100.58,0,32
AK2853,AK2853_T_5411,23-09-16,14:40,14,O,13.87590122,100.5769272,13.88,100.58,,
AK2853,AK2853_T_5411,23-09-16,14:45,14,D,13.87590122,100.5769272,13.88,100.58,0,5
AK2853,AK2853_T_5413,23-09-16,14:58,14,O,13.87590122,100.5769272,13.88,100.58,,
AK2853,AK2853_T_5413,23-09-16,15:05,15,D,13.87590122,100.5769272,13.88,100.58,0,7
AK2853,AK2853_T_5415,23-09-16,15:35,15,O,13.87590122,100.5769272,13.88,100.58,,
AK2853,AK2853_T_5415,23-09-16,15:42,15,D,13.87590122,100.5769272,13.88,100.58,0,7
AK2853,AK2853_T_5417,23-09-16,16:13,16,O,13.87590122,100.5769272,13.88,100.58,,
AK2853,AK2853_T_5417,23-09-16,16:45,16,D,13.87590122,100.5769272,13.88,100.58,0,32
AK2853,AK2853_T_5419,23-09-16,17:42,17,O,13.87590122,100.5769272,13.88,100.58,,
AK2853,AK2853_T_5419,23-09-16,18:10,18,D,13.87590122,100.5769272,13.88,100.58,0,28
AK2853,AK2853_T_5425,23-09-16,20:28,20,O,13.85622215,100.5414886,13.86,100.54,,
AK2853,AK2853_T_5425,23-09-16,20:33,20,D,13.85622215,100.5414886,13.86,100.54,0,5
AK2853,AK2853_T_5427,23-09-16,20:40,20,O,13.85622215,100.5414886,13.86,100.54,,
AK2853,AK2853_T_5427,23-09-16,20:52,20,D,13.85622215,100.5414886,13.86,100.54,0,12
AK2853,AK2853_T_5429,23-09-16,21:08,21,O,13.85622215,100.5414886,13.86,100.54,,
AK2853,AK2853_T_5429,23-09-16,21:17,21,D,13.85622215,100.5414886,13.86,100.54,0,9
AK2853,AK2853_T_5431,23-09-16,21:28,21,O,13.85622215,100.5414886,13.86,100.54,,
AK2853,AK2853_T_5431,23-09-16,21:44,21,D,13.85622215,100.5414886,13.86,100.54,0,16
AK2853,AK2853_T_5432,23-09-16,21:51,21,O,13.85622215,100.5414886,13.86,100.54,,
AK2853,AK2853_T_5432,23-09-16,21:54,21,D,13.85622215,100.5414886,13.86,100.54,0,3
AK2856,AK2856_T_3997,23-09-16,9:09,9,O,13.69586563,100.856308,13.7,100.86,,
AK2856,AK2856_T_3997,23-09-16,9:30,9,D,13.72167587,100.7756577,13.72,100.78,9293,21
AK2856,AK2856_T_3999,23-09-16,9:43,9,O,13.72208023,100.7117081,13.72,100.71,,
AK2856,AK2856_T_3999,23-09-16,9:59,9,D,13.72174072,100.7761307,13.72,100.78,7747,16
AK2856,AK2856_T_4000,23-09-16,10:43,10,O,13.69567299,100.7485275,13.7,100.75,,
AK2856,AK2856_T_4000,23-09-16,10:50,10,D,13.7217083,100.7756271,13.72,100.78,5512,7
AK2856,AK2856_T_4001,23-09-16,14:00,14,O,13.74535084,100.5295944,13.75,100.53,,
AK2856,AK2856_T_4001,23-09-16,14:45,14,D,13.72121143,100.702713,13.72,100.7,22687,45
AK2856,AK2856_T_4002,23-09-16,14:51,14,O,13.72221565,100.7149277,13.72,100.71,,
AK2856,AK2856_T_4002,23-09-16,15:04,15,D,13.72165489,100.775528,13.72,100.78,6658,13
AK2856,AK2856_T_4003,23-09-16,15:50,15,O,13.69333172,100.7507477,13.69,100.75,,
AK2856,AK2856_T_4003,23-09-16,15:58,15,D,13.72149277,100.7754898,13.72,100.78,5337,8
AK2856,AK2856_T_4005,23-09-16,18:28,18,O,13.72942257,100.5293045,13.73,100.53,,
AK2856,AK2856_T_4005,23-09-16,19:35,19,D,13.73194599,100.5668182,13.73,100.57,5864,7
AK2856,AK2856_T_4007,23-09-16,20:01,20,O,13.7116394,100.6151581,13.71,100.62,,
AK2856,AK2856_T_4007,23-09-16,20:16,20,D,13.72191525,100.7058258,13.72,100.71,10202,15
AK2856,AK2856_T_4011,23-09-16,20:34,20,O,13.71964836,100.7269363,13.72,100.73,,
AK2856,AK2856_T_4011,23-09-16,21:09,21,D,13.69393063,100.8634644,13.69,100.86,15810,35
AK2857,AK2857_T_16140,23-09-16,3:56,3,O,13.69081402,100.4415131,13.69,100.44,,
AK2857,AK2857_T_16140,23-09-16,4:15,4,D,13.72062969,100.5030289,13.72,100.5,9999,19
AK2857,AK2857_T_16142,23-09-16,4:33,4,O,13.77352428,100.5364456,13.77,100.54,,
AK2857,AK2857_T_16142,23-09-16,4:41,4,D,13.779603,100.5446548,13.78,100.54,1378,8
AK2857,AK2857_T_16144,23-09-16,4:59,4,O,13.91767502,100.6006699,13.92,100.6,,
AK2857,AK2857_T_16144,23-09-16,5:44,5,D,13.81235218,100.5461578,13.81,100.55,15439,45
AK2857,AK2857_T_16146,23-09-16,6:28,6,O,13.75741577,100.3654556,13.76,100.37,,
AK2857,AK2857_T_16146,23-09-16,6:36,6,D,13.7145977,100.3641052,13.71,100.36,4871,8
AK2857,AK2857_T_16148,23-09-16,8:21,8,O,13.76246262,100.5352859,13.76,100.54,,
AK2857,AK2857_T_16148,23-09-16,8:30,8,D,13.76553059,100.5384674,13.77,100.54,534,9
AK2857,AK2857_T_16154,23-09-16,10:07,10,O,13.7038002,100.7355194,13.7,100.74,,
AK2857,AK2857_T_16154,23-09-16,10:12,10,D,13.67842484,100.7234116,13.68,100.72,3116,5
AK2857,AK2857_T_16156,23-09-16,10:29,10,O,13.69141579,100.7221756,13.69,100.72,,
AK2857,AK2857_T_16156,23-09-16,11:00,11,D,13.73244572,100.6488342,13.73,100.65,15583,31
AK2857,AK2857_T_16158,23-09-16,11:10,11,O,13.69509888,100.6475601,13.7,100.65,,
AK2857,AK2857_T_16158,23-09-16,11:23,11,D,13.72516918,100.6416779,13.73,100.64,6562,13
AK2857,AK2857_T_16160,23-09-16,12:01,12,O,13.81732845,100.7445068,13.82,100.74,,
AK2857,AK2857_T_16160,23-09-16,12:19,12,D,13.76780605,100.658287,13.77,100.66,10871,18
AK2857,AK2857_T_16162,23-09-16,12:34,12,O,13.75598907,100.6458435,13.76,100.65,,
AK2857,AK2857_T_16162,23-09-16,13:02,13,D,13.75502872,100.5751495,13.76,100.58,8888,28
AK2857,AK2857_T_16166,23-09-16,13:48,13,O,13.7561903,100.5073395,13.76,100.51,,
AK2857,AK2857_T_16166,23-09-16,14:10,14,D,13.72582817,100.4972992,13.73,100.5,4757,22
AK2858,AK2858_T_7130,23-09-16,9:22,9,O,13.65104294,100.6110458,13.65,100.61,,
AK2858,AK2858_T_7130,23-09-16,9:28,9,D,13.65638733,100.6069565,13.66,100.61,1025,6
AK2858,AK2858_T_7132,23-09-16,9:50,9,O,13.67069435,100.6097107,13.67,100.61,,
AK2858,AK2858_T_7132,23-09-16,9:56,9,D,13.67125034,100.6189575,13.67,100.62,1709,6
AK2858,AK2858_T_7133,23-09-16,10:01,10,O,13.67093945,100.6207657,13.67,100.62,,
AK2858,AK2858_T_7133,23-09-16,10:11,10,D,13.67411327,100.6456375,13.67,100.65,3360,10
AK2858,AK2858_T_7137,23-09-16,10:38,10,O,13.68304539,100.6103897,13.68,100.61,,
AK2858,AK2858_T_7137,23-09-16,10:45,10,D,13.68500996,100.6273651,13.69,100.63,2234,7
AK2858,AK2858_T_7139,23-09-16,10:54,10,O,13.69377136,100.6464233,13.69,100.65,,
AK2858,AK2858_T_7139,23-09-16,10:58,10,D,13.6896677,100.6400681,13.69,100.64,1008,4
AK2858,AK2858_T_7141,23-09-16,11:27,11,O,13.66069889,100.6615295,13.66,100.66,,
AK2858,AK2858_T_7141,23-09-16,11:45,11,D,13.68433857,100.6167831,13.68,100.62,7600,18
AK2858,AK2858_T_7143,23-09-16,12:46,12,O,13.91876411,100.6013336,13.92,100.6,,
AK2858,AK2858_T_7143,23-09-16,12:55,12,D,13.89164829,100.5864792,13.89,100.59,3426,9
AK2858,AK2858_T_7144,23-09-16,13:12,13,O,13.89164162,100.5863342,13.89,100.59,,
AK2858,AK2858_T_7144,23-09-16,13:32,13,D,13.84486198,100.637207,13.84,100.64,8507,20
AK2858,AK2858_T_7148,23-09-16,14:26,14,O,13.7780571,100.5615387,13.78,100.56,,
AK2858,AK2858_T_7148,23-09-16,14:33,14,D,13.76998043,100.5597458,13.77,100.56,1587,7
AK2858,AK2858_T_7150,23-09-16,14:48,14,O,13.77386665,100.5610199,13.77,100.56,,
AK2858,AK2858_T_7150,23-09-16,14:54,14,D,13.767272,100.557663,13.77,100.56,901,6
AK2858,AK2858_T_7154,23-09-16,16:14,16,O,13.73624516,100.6131134,13.74,100.61,,
AK2858,AK2858_T_7154,23-09-16,16:25,16,D,13.72455311,100.6156845,13.72,100.62,2680,11
AK2858,AK2858_T_7158,23-09-16,18:32,18,O,13.67198563,100.4700699,13.67,100.47,,
AK2858,AK2858_T_7158,23-09-16,18:41,18,D,13.65204716,100.4739914,13.65,100.47,2299,9
AK2858,AK2858_T_7162,23-09-16,19:09,19,O,13.64271736,100.4139099,13.64,100.41,,
AK2858,AK2858_T_7162,23-09-16,19:13,19,D,13.63161469,100.4299164,13.63,100.43,2233,4
AK2858,AK2858_T_7164,23-09-16,19:47,19,O,13.6304121,100.4318924,13.63,100.43,,
AK2858,AK2858_T_7164,23-09-16,20:08,20,D,13.68819714,100.4836197,13.69,100.48,11456,21
AK2858,AK2858_T_7166,23-09-16,20:18,20,O,13.70211315,100.4757767,13.7,100.48,,
AK2858,AK2858_T_7166,23-09-16,20:35,20,D,13.68703175,100.520874,13.69,100.52,6974,17
AK2858,AK2858_T_7168,23-09-16,21:17,21,O,13.88940144,100.4231186,13.89,100.42,,
AK2858,AK2858_T_7168,23-09-16,21:24,21,D,13.87659168,100.4413986,13.88,100.44,3545,7
AK2858,AK2858_T_7169,23-09-16,21:45,21,O,13.87667274,100.4428253,13.88,100.44,,
AK2858,AK2858_T_7169,23-09-16,21:56,21,D,13.85692215,100.5398026,13.86,100.54,10850,11
AK2858,AK2858_T_7171,23-09-16,22:09,22,O,13.80338097,100.5392075,13.8,100.54,,
AK2858,AK2858_T_7171,23-09-16,22:25,22,D,13.76487541,100.5391006,13.76,100.54,5549,16
AK2858,AK2858_T_7175,23-09-16,23:15,23,O,13.75276279,100.5736542,13.75,100.57,,
AK2858,AK2858_T_7175,23-09-16,23:21,23,D,13.74320984,100.591568,13.74,100.59,3216,6
AK2858,AK2858_T_7177,23-09-16,23:28,23,O,13.73948574,100.5944443,13.74,100.59,,
AK2858,AK2858_T_7177,23-09-16,23:40,23,D,13.73649597,100.6162186,13.74,100.62,4192,12
AK2858,AK2858_T_7179,23-09-16,23:57,23,O,13.65966892,100.6334305,13.66,100.63,,
AK2858,AK2858_T_7179,23-09-16,23:59,23,D,13.6583128,100.634079,13.66,100.63,192,2
AK2859,AK2859_T_6136,23-09-16,0:12,0,O,13.72727489,100.4992599,13.73,100.5,,
AK2859,AK2859_T_6136,23-09-16,1:29,1,D,13.65635204,100.4289017,13.66,100.43,16858,17
AK2859,AK2859_T_6138,23-09-16,1:32,1,O,13.66739178,100.442543,13.67,100.44,,
AK2859,AK2859_T_6138,23-09-16,2:00,2,D,13.65619659,100.428627,13.66,100.43,20320,28
AK2859,AK2859_T_6142,23-09-16,2:08,2,O,13.67908859,100.4667892,13.68,100.47,,
AK2859,AK2859_T_6142,23-09-16,2:39,2,D,13.65631866,100.4288254,13.66,100.43,11243,31
AK2859,AK2859_T_6144,23-09-16,2:42,2,O,13.65975571,100.429718,13.66,100.43,,
AK2859,AK2859_T_6144,23-09-16,3:11,3,D,13.65626907,100.4287338,13.66,100.43,20299,29
AK2859,AK2859_T_6145,23-09-16,3:19,3,O,13.65649605,100.4290695,13.66,100.43,,
AK2859,AK2859_T_6145,23-09-16,4:17,4,D,13.65362263,100.4304276,13.65,100.43,12533,57
AK2859,AK2859_T_6146,23-09-16,4:27,4,O,13.65147305,100.4250107,13.65,100.43,,
AK2859,AK2859_T_6146,23-09-16,4:48,4,D,13.65576077,100.4291382,13.66,100.43,3792,21
AK2859,AK2859_T_6147,23-09-16,5:03,5,O,13.60610485,100.4269257,13.61,100.43,,
AK2859,AK2859_T_6147,23-09-16,5:39,5,D,13.65575314,100.4290924,13.66,100.43,6754,36
AK2859,AK2859_T_6149,23-09-16,5:44,5,O,13.63247776,100.4000626,13.63,100.4,,
AK2859,AK2859_T_6149,23-09-16,6:17,6,D,13.64952469,100.4321136,13.65,100.43,14602,33
